,precipitation
2009-01-01,0.009466765772208265
2009-01-02,0.0
2009-01-03,0.01993013366158974
2009-01-04,0.41199650765717544
2009-01-05,5.656177099746022
2009-01-06,2.9293068006288414
2009-01-07,0.0
2009-01-08,0.0
2009-01-09,0.020264888863466654
2009-01-10,0.0
2009-01-11,0.0
2009-01-12,0.0
2009-01-13,0.0
2009-01-14,0.0
2009-01-15,0.0
2009-01-16,0.0
2009-01-17,0.0
2009-01-18,0.0
2009-01-19,0.0
2009-01-20,0.0
2009-01-21,0.0
2009-01-22,0.0
2009-01-23,0.00020431351851359262
2009-01-24,0.0
2009-01-25,0.0
2009-01-26,0.30446632572516635
2009-01-27,0.7854090754988287
2009-01-28,1.245102903375978
2009-01-29,0.0
2009-01-30,0.0
2009-01-31,0.0
2009-02-01,0.0
2009-02-02,0.0
2009-02-03,0.0
2009-02-04,0.0
2009-02-05,0.0
2009-02-06,0.0
2009-02-07,0.0
2009-02-08,0.41464479371705226
2009-02-09,0.5660982010049598
2009-02-10,0.04243011683497571
2009-02-11,0.0
2009-02-12,0.0
2009-02-13,0.08346853338796645
2009-02-14,0.03932364419222646
2009-02-15,0.0
2009-02-16,0.3056173522441869
2009-02-17,1.8221810628844042
2009-02-18,0.6172353618979669
2009-02-19,0.020264888863466654
2009-02-20,0.20082884175579538
2009-02-21,0.23805364519603917
2009-02-22,0.0
2009-02-23,0.08180139257194242
2009-02-24,0.2704684817964697
2009-02-25,0.40361106215082254
2009-02-26,0.05722625166278402
2009-02-27,0.07844041913509915
2009-02-28,0.2351711563349417
2009-03-01,0.0
2009-03-02,0.0
2009-03-03,0.0
2009-03-04,0.0
2009-03-05,0.0
2009-03-06,0.0
2009-03-07,0.02153695330328479
2009-03-08,0.0
2009-03-09,0.0
2009-03-10,2.130733953924937
2009-03-11,16.02977073556887
2009-03-12,55.02859961338234
2009-03-13,2.006420135934946
2009-03-14,1.7689298462196192
2009-03-15,1.0583878625236651
2009-03-16,0.0
2009-03-17,0.0
2009-03-18,0.0
2009-03-19,0.003269016296217482
2009-03-20,0.003677643333244667
2009-03-21,0.0
2009-03-22,0.043129303828328906
2009-03-23,0.11768314492993592
2009-03-24,0.02430225786720517
2009-03-25,0.37160305887675504
2009-03-26,2.7157708453262117
2009-03-27,0.8597808063431217
2009-03-28,0.0
2009-03-29,0.0
2009-03-30,0.0
2009-03-31,0.026153884788284724
2009-04-01,0.0
2009-04-02,0.0
2009-04-03,0.0
2009-04-04,0.0
2009-04-05,0.0
2009-04-06,0.0
2009-04-07,0.0
2009-04-08,0.0
2009-04-09,0.0
2009-04-10,0.0
2009-04-11,0.8694179804568738
2009-04-12,7.646887815968096
2009-04-13,0.0
2009-04-14,0.0
2009-04-15,0.007510696094893855
2009-04-16,0.2889109810883189
2009-04-17,7.027811980445882
2009-04-18,2.6968490493791184
2009-04-19,0.0
2009-04-20,0.0
2009-04-21,0.0
2009-04-22,0.0
2009-04-23,0.08910353230757262
2009-04-24,0.5732660830371085
2009-04-25,0.7826516188276003
2009-04-26,1.2441335597489243
2009-04-27,8.276717809314754
2009-04-28,4.66341658592785
2009-04-29,0.6686607125282816
2009-04-30,0.7009161001654075
2009-05-01,0.006148706665090989
2009-05-02,0.13292047282586708
2009-05-03,0.0
2009-05-04,0.0
2009-05-05,0.0
2009-05-06,0.0
2009-05-07,0.0
2009-05-08,0.0
2009-05-09,0.0
2009-05-10,0.0
2009-05-11,0.0024781979745249812
2009-05-12,0.0
2009-05-13,0.0
2009-05-14,0.0053650229860771476
2009-05-15,6.220824034197232
2009-05-16,24.650971804671876
2009-05-17,0.38140460650556807
2009-05-18,0.0
2009-05-19,0.0
2009-05-20,0.0
2009-05-21,0.027131627850273534
2009-05-22,2.257223623877024
2009-05-23,0.9927054219455664
2009-05-24,4.652523474011187
2009-05-25,1.2904847928259913
2009-05-26,7.8884229217058195
2009-05-27,5.187044809532007
2009-05-28,10.898371217447217
2009-05-29,4.124273601652544
2009-05-30,0.0
2009-05-31,0.004821245003513525
2009-06-01,0.25116269070418823
2009-06-02,0.03252148970178814
2009-06-03,0.4942830934984547
2009-06-04,0.0382334272391355
2009-06-05,0.0
2009-06-06,0.0
2009-06-07,0.053844506076689225
2009-06-08,0.0
2009-06-09,0.0
2009-06-10,0.009466765772208265
2009-06-11,0.00948517919593105
2009-06-12,0.006403207459185009
2009-06-13,0.1375671509326771
2009-06-14,0.0
2009-06-15,0.0
2009-06-16,0.0
2009-06-17,0.00948517919593105
2009-06-18,0.19764671840164091
2009-06-19,0.12457246399372379
2009-06-20,0.028455537587793154
2009-06-21,0.0
2009-06-22,0.0
2009-06-23,0.0
2009-06-24,0.0
2009-06-25,0.06978575955197876
2009-06-26,0.12678251455268177
2009-06-27,0.17384817854911422
2009-06-28,0.0
2009-06-29,0.0
2009-06-30,0.8304300838830503
2009-07-01,5.173480816044891
2009-07-02,0.20860966363535516
2009-07-03,0.06277793979607568
2009-07-04,0.0
2009-07-05,0.006802667702892477
2009-07-06,0.39874983405688824
2009-07-07,0.28205489885417284
2009-07-08,0.016492160417337122
2009-07-09,0.0
2009-07-10,0.0
2009-07-11,0.0
2009-07-12,0.0
2009-07-13,0.0
2009-07-14,0.0
2009-07-15,0.0
2009-07-16,0.0
2009-07-17,8.396346350065288
2009-07-18,4.48081259041616
2009-07-19,1.087993174057999
2009-07-20,1.6780077694846507
2009-07-21,0.004060160430196465
2009-07-22,0.005309846646309855
2009-07-23,0.0
2009-07-24,0.0
2009-07-25,0.0
2009-07-26,0.0
2009-07-27,0.0
2009-07-28,0.0
2009-07-29,0.9043798820786821
2009-07-30,5.814759004926275
2009-07-31,4.31743969561815
2009-08-01,0.057409736436142327
2009-08-02,0.9910505634574587
2009-08-03,0.0
2009-08-04,0.0
2009-08-05,0.0
2009-08-06,0.0
2009-08-07,0.0
2009-08-08,0.0
2009-08-09,0.0
2009-08-10,0.0
2009-08-11,0.0
2009-08-12,0.8966430749805452
2009-08-13,1.040125309898724
2009-08-14,0.2322160665862317
2009-08-15,0.0
2009-08-16,0.0
2009-08-17,0.0
2009-08-18,0.0
2009-08-19,0.0
2009-08-20,0.0
2009-08-21,0.0
2009-08-22,0.0024781979745249812
2009-08-23,0.0
2009-08-24,0.0
2009-08-25,0.0
2009-08-26,0.0
2009-08-27,3.916633281317414
2009-08-28,3.891195194138798
2009-08-29,0.06296862356112866
2009-08-30,0.0024781979745249812
2009-08-31,0.00020431351851359262
2009-09-01,0.0
2009-09-02,0.0
2009-09-03,0.0
2009-09-04,1.6259327012927853
2009-09-05,2.527696087668317
2009-09-06,2.8909731799744884
2009-09-07,0.5902805246895122
2009-09-08,0.037223937306845985
2009-09-09,1.4628535389810595
2009-09-10,57.620404503764156
2009-09-11,10.7976533912675
2009-09-12,5.570220356083359
2009-09-13,0.5351196685592111
2009-09-14,0.053414281047776416
2009-09-15,0.0
2009-09-16,0.0
2009-09-17,0.0
2009-09-18,0.0
2009-09-19,0.0
2009-09-20,0.09870181726417612
2009-09-21,0.43303511256612737
2009-09-22,20.37267111088028
2009-09-23,11.445992185580563
2009-09-24,1.3842387405854677
2009-09-25,0.025093073465321934
2009-09-26,0.0
2009-09-27,0.0
2009-09-28,0.07153553167664316
2009-09-29,0.29485434363383856
2009-09-30,0.3260224559430809
2009-10-01,0.22627392772513225
2009-10-02,0.0
2009-10-03,1.8755013519536523
2009-10-04,9.252685642025458
2009-10-05,0.13476501559936208
2009-10-06,0.19658861059073762
2009-10-07,2.549826771021746
2009-10-08,1.6768805091053718
2009-10-09,13.523962383759207
2009-10-10,0.0
2009-10-11,0.6124341339777256
2009-10-12,1.497945110842483
2009-10-13,1.9246143258684203
2009-10-14,0.006802667702892477
2009-10-15,0.0
2009-10-16,0.0
2009-10-17,0.0
2009-10-18,0.0
2009-10-19,0.0
2009-10-20,0.0
2009-10-21,3.1657015384872436
2009-10-22,12.314979723521922
2009-10-23,0.0
2009-10-24,0.0
2009-10-25,0.0
2009-10-26,20.606283085727476
2009-10-27,0.0
2009-10-28,0.0
2009-10-29,0.7188667855384538
2009-10-30,0.0
2009-10-31,0.0
2009-11-01,0.0
2009-11-02,0.0
2009-11-03,0.0
2009-11-04,0.0
2009-11-05,0.0
2009-11-06,0.0
2009-11-07,0.0
2009-11-08,3.756736752122434
2009-11-09,0.23894299224714602
2009-11-10,0.0
2009-11-11,0.0
2009-11-12,0.27223641214581057
2009-11-13,0.0
2009-11-14,0.17143010684983867
2009-11-15,0.2061197744759484
2009-11-16,0.0
2009-11-17,0.0
2009-11-18,0.0
2009-11-19,0.0074156082584332554
2009-11-20,9.581138781475767
2009-11-21,0.0
2009-11-22,0.39634434829159465
2009-11-23,0.45373413994632195
2009-11-24,0.5043290562480609
2009-11-25,0.0
2009-11-26,0.004821245003513525
2009-11-27,0.03889949093964068
2009-11-28,0.0
2009-11-29,1.9170302473104641
2009-11-30,7.422158234722357
2009-12-01,9.302477873513132
2009-12-02,0.06230007034898799
2009-12-03,0.0
2009-12-04,0.029935968154188513
2009-12-05,0.0
2009-12-06,0.0
2009-12-07,0.5524648732869666
2009-12-08,4.386502183959702
2009-12-09,0.0
2009-12-10,0.0
2009-12-11,0.9582066015353681
2009-12-12,3.911937744531581
2009-12-13,0.0
2009-12-14,0.08057471592254611
2009-12-15,0.01829040576242946
2009-12-16,0.0
2009-12-17,0.08318455851120747
2009-12-18,0.0013274616615774637
2009-12-19,0.0
2009-12-20,0.0
2009-12-21,0.0
2009-12-22,0.10702593601572467
2009-12-23,0.48922838935699614
2009-12-24,5.546740192029817
2009-12-25,0.0
2009-12-26,0.0
2009-12-27,0.0
2009-12-28,0.2297026416834332
2009-12-29,6.761082744690154
2009-12-30,0.1729835149743706
2009-12-31,0.0
2010-01-01,0.0
2010-01-02,0.0
2010-01-03,0.0
2010-01-04,0.0
2010-01-05,0.0
2010-01-06,0.020260993205993994
2010-01-07,0.0
2010-01-08,0.0
2010-01-09,0.0
2010-01-10,0.0
2010-01-11,0.0
2010-01-12,1.0213499352532838
2010-01-13,4.48519283031459
2010-01-14,3.5214880566031446
2010-01-15,17.581118363227947
2010-01-16,2.318882501801496
2010-01-17,0.0
2010-01-18,0.7295327979572962
2010-01-19,0.0
2010-01-20,1.7348782743487308
2010-01-21,0.0
2010-01-22,0.0
2010-01-23,0.0
2010-01-24,0.0
2010-01-25,0.0
2010-01-26,0.0
2010-01-27,0.19205537248181415
2010-01-28,7.491967602392213
2010-01-29,23.127095562783328
2010-01-30,0.3840985210110186
2010-01-31,0.601568530666221
2010-02-01,0.0036705086905660074
2010-02-02,1.7035470345058543
2010-02-03,44.570277187068015
2010-02-04,3.375658024558325
2010-02-05,0.006802667702892477
2010-02-06,0.0
2010-02-07,0.7461026294526752
2010-02-08,1.8662041845860362
2010-02-09,0.0020431351851359263
2010-02-10,0.004086270370271853
2010-02-11,10.977817084492173
2010-02-12,0.508356742231935
2010-02-13,0.38112384154438345
2010-02-14,0.007306382576380262
2010-02-15,0.0
2010-02-16,0.0
2010-02-17,0.0
2010-02-18,0.10786698598912489
2010-02-19,0.3772803947280316
2010-02-20,0.28821856510396954
2010-02-21,0.2806115363895616
2010-02-22,0.0
2010-02-23,7.665154415935522
2010-02-24,0.0
2010-02-25,0.0
2010-02-26,0.0
2010-02-27,0.0
2010-02-28,0.21502568753381507
2010-03-01,7.350043661675276
2010-03-02,0.0
2010-03-03,0.0
2010-03-04,0.0
2010-03-05,0.06522186351280458
2010-03-06,0.7679863685365695
2010-03-07,3.0973181690704346
2010-03-08,2.904640089907841
2010-03-09,1.0377884318777162
2010-03-10,0.0
2010-03-11,0.0
2010-03-12,0.0
2010-03-13,0.0
2010-03-14,0.0
2010-03-15,3.106623419611372
2010-03-16,11.089059202226865
2010-03-17,0.0
2010-03-18,0.0
2010-03-19,0.0
2010-03-20,10.808280058257631
2010-03-21,0.12702541059003064
2010-03-22,0.3612746813871991
2010-03-23,0.0
2010-03-24,2.483710455260378
2010-03-25,6.475464740610045
2010-03-26,0.0
2010-03-27,0.0
2010-03-28,0.0
2010-03-29,0.0
2010-03-30,0.0
2010-03-31,0.0
2010-04-01,0.017627659921883542
2010-04-02,0.24705175339873645
2010-04-03,0.0
2010-04-04,0.11761121591214264
2010-04-05,0.06501736344751038
2010-04-06,0.640394582492424
2010-04-07,0.7977861101870071
2010-04-08,0.0
2010-04-09,0.0
2010-04-10,0.005160709467563555
2010-04-11,0.29384770717368847
2010-04-12,0.8092465592705335
2010-04-13,1.8052489180492264
2010-04-14,5.362432564435501
2010-04-15,43.85268665127005
2010-04-16,18.04724602671677
2010-04-17,2.414214227533043
2010-04-18,0.009689492714444643
2010-04-19,0.0
2010-04-20,0.0
2010-04-21,0.03937514575651313
2010-04-22,1.161372419306426
2010-04-23,0.4709051683381342
2010-04-24,8.34785253381239
2010-04-25,0.20018703363974846
2010-04-26,0.39987035240600916
2010-04-27,0.0
2010-04-28,0.0
2010-04-29,0.0
2010-04-30,0.44124305684975235
2010-05-01,3.5364102880850043
2010-05-02,0.0
2010-05-03,0.0
2010-05-04,0.0
2010-05-05,0.0
2010-05-06,0.0
2010-05-07,0.0
2010-05-08,0.0
2010-05-09,0.5787238757335531
2010-05-10,0.17594741963041546
2010-05-11,0.006802667702892477
2010-05-12,0.08274209743700871
2010-05-13,0.16852072473012755
2010-05-14,7.572303184279943
2010-05-15,14.018208568357958
2010-05-16,5.102960688454457
2010-05-17,1.4179266058804691
2010-05-18,8.444716781183507
2010-05-19,0.09222775897820226
2010-05-20,0.06728169541556377
2010-05-21,0.23031756770752698
2010-05-22,0.20071791461966698
2010-05-23,0.2293388960514702
2010-05-24,3.487471164839151
2010-05-25,12.35917957734481
2010-05-26,0.1749037771841652
2010-05-27,0.0
2010-05-28,0.0
2010-05-29,0.0
2010-05-30,0.07660466641177116
2010-05-31,0.0
2010-06-01,0.0
2010-06-02,2.7589011415710667
2010-06-03,3.021057691981897
2010-06-04,0.0
2010-06-05,0.0
2010-06-06,0.0
2010-06-07,0.05512039013174552
2010-06-08,0.19852214839836155
2010-06-09,0.3154056480065938
2010-06-10,0.007211294739919663
2010-06-11,4.138660606525987
2010-06-12,2.4884842679396377
2010-06-13,0.0744659329012962
2010-06-14,0.0
2010-06-15,0.0
2010-06-16,2.9995879851615888
2010-06-17,0.274626900813682
2010-06-18,0.0
2010-06-19,0.0
2010-06-20,0.0
2010-06-21,0.0
2010-06-22,0.0
2010-06-23,1.0038248240222838
2010-06-24,2.5044343770669553
2010-06-25,0.8457666929415852
2010-06-26,0.0
2010-06-27,0.03999268728485584
2010-06-28,2.9013847705466187
2010-06-29,6.233352864836945
2010-06-30,5.577930050947393
2010-07-01,13.741354711115235
2010-07-02,29.044238861727937
2010-07-03,4.935022387212957
2010-07-04,3.177491994599655
2010-07-05,2.026547243350804
2010-07-06,1.6549476909143916
2010-07-07,1.2784730087995693
2010-07-08,14.88338271279756
2010-07-09,9.636385611994978
2010-07-10,0.2938185265835446
2010-07-11,0.006802667702892477
2010-07-12,0.0
2010-07-13,0.05061280169675555
2010-07-14,0.03724235073056877
2010-07-15,0.0
2010-07-16,0.0
2010-07-17,0.0
2010-07-18,0.0
2010-07-19,0.0026825114930385738
2010-07-20,0.0
2010-07-21,2.1726916902802595
2010-07-22,1.7463860240443885
2010-07-23,1.5605079421913088
2010-07-24,0.26606781379087424
2010-07-25,0.0
2010-07-26,0.3890126579952929
2010-07-27,1.0479683373583488
2010-07-28,0.86684195305824
2010-07-29,0.20993026978445237
2010-07-30,0.0
2010-07-31,0.0
2010-08-01,0.0
2010-08-02,0.0
2010-08-03,0.0
2010-08-04,0.0
2010-08-05,0.0
2010-08-06,0.027757171534637724
2010-08-07,0.5196943415812996
2010-08-08,0.0
2010-08-09,0.0
2010-08-10,0.0
2010-08-11,0.03068266803516581
2010-08-12,0.0024781979745249812
2010-08-13,0.004009973154616037
2010-08-14,0.009466765772208265
2010-08-15,0.013476738926824303
2010-08-16,2.3391570780970192
2010-08-17,12.090164591893542
2010-08-18,0.6734202932533288
2010-08-19,0.5170982055872488
2010-08-20,0.0
2010-08-21,0.0
2010-08-22,0.0
2010-08-23,0.00020431351851359262
2010-08-24,3.998425650011134
2010-08-25,15.270295901094606
2010-08-26,7.6529476284076745
2010-08-27,0.32468479120393123
2010-08-28,0.0
2010-08-29,0.0
2010-08-30,0.1002746129265279
2010-08-31,0.00948517919593105
2010-09-01,0.02153695330328479
2010-09-02,0.819950891201581
2010-09-03,21.775599602664087
2010-09-04,0.007306382576380262
2010-09-05,0.0
2010-09-06,0.08861941664821073
2010-09-07,10.381707553084604
2010-09-08,3.6658684705293494
2010-09-09,1.6249737142440324
2010-09-10,0.3738424709983858
2010-09-11,0.03658081152485892
2010-09-12,0.0
2010-09-13,0.0
2010-09-14,0.0
2010-09-15,0.0026825114930385738
2010-09-16,0.0
2010-09-17,2.905561440208511
2010-09-18,3.919428236342764
2010-09-19,3.622223361893006
2010-09-20,2.162409919363109
2010-09-21,3.851333784566113
2010-09-22,7.045342290874014
2010-09-23,1.9420236448399582
2010-09-24,0.3548316608431906
2010-09-25,0.8481012640213176
2010-09-26,12.745480349647
2010-09-27,0.0
2010-09-28,0.01778669088894167
2010-09-29,0.0
2010-09-30,0.0
2010-10-01,0.0
2010-10-02,0.0
2010-10-03,0.0
2010-10-04,0.0
2010-10-05,0.0
2010-10-06,0.0
2010-10-07,0.0
2010-10-08,0.0
2010-10-09,0.0
2010-10-10,0.0
2010-10-11,0.07925439632993048
2010-10-12,0.8972682979184737
2010-10-13,0.0026549233231549273
2010-10-14,0.0
2010-10-15,0.0
2010-10-16,0.0
2010-10-17,0.0814891286403204
2010-10-18,0.0
2010-10-19,0.052460918655000736
2010-10-20,0.05018614693064387
2010-10-21,0.0036705086905660074
2010-10-22,1.5903907062740192
2010-10-23,5.386377523955535
2010-10-24,1.094262408899453
2010-10-25,0.0
2010-10-26,0.20041681322687674
2010-10-27,0.0
2010-10-28,0.0
2010-10-29,0.0
2010-10-30,0.0
2010-10-31,0.0
2010-11-01,0.02102310453104846
2010-11-02,0.3208824674397022
2010-11-03,0.0
2010-11-04,0.0
2010-11-05,0.0
2010-11-06,0.0
2010-11-07,0.0
2010-11-08,0.0
2010-11-09,0.0
2010-11-10,0.0
2010-11-11,0.0
2010-11-12,0.0
2010-11-13,0.0
2010-11-14,0.0
2010-11-15,0.0
2010-11-16,0.0
2010-11-17,0.0
2010-11-18,0.0
2010-11-19,0.0
2010-11-20,0.0
2010-11-21,0.035585682408228556
2010-11-22,0.014626902998352918
2010-11-23,0.11176737443993467
2010-11-24,0.022627176121142165
2010-11-25,0.0
2010-11-26,0.005025558522027117
2010-11-27,0.0
2010-11-28,0.0
2010-11-29,0.0
2010-11-30,0.0
2010-12-01,0.0
2010-12-02,0.0
2010-12-03,0.0
2010-12-04,0.0
2010-12-05,0.0
2010-12-06,0.0
2010-12-07,0.0
2010-12-08,0.0
2010-12-09,0.0
2010-12-10,0.0
2010-12-11,0.0
2010-12-12,0.0
2010-12-13,0.0
2010-12-14,0.0
2010-12-15,0.0
2010-12-16,0.0
2010-12-17,0.0
2010-12-18,0.0
2010-12-19,0.0
2010-12-20,0.0
2010-12-21,0.0
2010-12-22,0.0
2010-12-23,0.8933525161081297
2010-12-24,6.77488627918693
2010-12-25,0.0
2010-12-26,0.0
2010-12-27,0.0
2010-12-28,1.736398952192393
2010-12-29,3.3113807328978857
2010-12-30,0.006802667702892477
2010-12-31,0.0
2011-01-01,0.0
2011-01-02,0.0
2011-01-03,0.00040862703702718525
2011-01-04,0.0
2011-01-05,0.0
2011-01-06,0.0
2011-01-07,0.0
2011-01-08,0.0
2011-01-09,11.58711715397136
2011-01-10,0.8551156369727945
2011-01-11,0.0
2011-01-12,0.0
2011-01-13,0.0
2011-01-14,0.30569172714193243
2011-01-15,2.1128154420249374
2011-01-16,0.46937656474382833
2011-01-17,0.02533673900360154
2011-01-18,0.0
2011-01-19,0.0
2011-01-20,0.0
2011-01-21,0.0
2011-01-22,0.0
2011-01-23,0.0
2011-01-24,0.0
2011-01-25,0.0
2011-01-26,0.0
2011-01-27,0.0
2011-01-28,0.02153695330328479
2011-01-29,0.10080316205353156
2011-01-30,0.04551445679345122
2011-01-31,0.12496334840557433
2011-02-01,8.371599747880207
2011-02-02,0.0
2011-02-03,0.00040862703702718525
2011-02-04,0.0
2011-02-05,0.0
2011-02-06,0.0
2011-02-07,0.0
2011-02-08,0.0
2011-02-09,0.21150357502782396
2011-02-10,0.0
2011-02-11,0.0
2011-02-12,0.0
2011-02-13,0.0
2011-02-14,0.0
2011-02-15,0.014013962442812139
2011-02-16,0.07810881271359993
2011-02-17,0.07810881271359993
2011-02-18,0.028232238404137872
2011-02-19,0.44082042656624554
2011-02-20,0.0
2011-02-21,0.0
2011-02-22,0.07235850682125586
2011-02-23,0.32756904123804137
2011-02-24,0.46657200192377585
2011-02-25,0.0054653975372380035
2011-02-26,0.2419811892402773
2011-02-27,0.08154341242800528
2011-02-28,0.0
2011-03-01,0.0
2011-03-02,0.0
2011-03-03,0.0
2011-03-04,1.2315885586227338
2011-03-05,0.13162967497849176
2011-03-06,0.0
2011-03-07,0.0
2011-03-08,0.0
2011-03-09,0.0
2011-03-10,0.0
2011-03-11,0.0
2011-03-12,0.0
2011-03-13,0.0
2011-03-14,0.027745202163730463
2011-03-15,0.0
2011-03-16,0.0
2011-03-17,0.0
2011-03-18,0.0
2011-03-19,0.007211294739919663
2011-03-20,0.0070069812214060695
2011-03-21,0.0
2011-03-22,0.0
2011-03-23,0.0
2011-03-24,0.0
2011-03-25,0.0
2011-03-26,0.0
2011-03-27,0.0
2011-03-28,0.0
2011-03-29,0.3958315213505022
2011-03-30,1.3677230556458708
2011-03-31,0.0
2011-04-01,0.0
2011-04-02,0.0
2011-04-03,0.0
2011-04-04,0.0
2011-04-05,0.0
2011-04-06,0.0
2011-04-07,0.0
2011-04-08,0.0
2011-04-09,0.0
2011-04-10,0.0
2011-04-11,0.6063423562370724
2011-04-12,0.0
2011-04-13,0.0
2011-04-14,0.0
2011-04-15,0.0
2011-04-16,0.0
2011-04-17,0.0
2011-04-18,0.0
2011-04-19,0.0
2011-04-20,0.0
2011-04-21,0.05243756535486884
2011-04-22,0.0078100974498680475
2011-04-23,0.0023430470289885433
2011-04-24,0.020264888863466654
2011-04-25,0.015116480026248309
2011-04-26,0.0
2011-04-27,0.0
2011-04-28,0.0
2011-04-29,0.0
2011-04-30,0.0
2011-05-01,0.17420966947798433
2011-05-02,2.41675627925041
2011-05-03,0.0
2011-05-04,0.0
2011-05-05,0.18395959457943376
2011-05-06,0.3395101255779705
2011-05-07,0.6155718100647879
2011-05-08,0.0
2011-05-09,0.22854608260160947
2011-05-10,1.0530261203569173
2011-05-11,1.234943977490282
2011-05-12,15.231069250987654
2011-05-13,0.02153695330328479
2011-05-14,0.0
2011-05-15,0.0
2011-05-16,0.24510021586038658
2011-05-17,0.053414281047776416
2011-05-18,0.2620018315541316
2011-05-19,0.23166036277365823
2011-05-20,0.03673863585708099
2011-05-21,0.0
2011-05-22,0.0
2011-05-23,0.0026825114930385738
2011-05-24,0.0
2011-05-25,0.0
2011-05-26,0.0
2011-05-27,0.0
2011-05-28,0.0
2011-05-29,0.0
2011-05-30,0.0
2011-05-31,0.0026825114930385738
2011-06-01,0.0
2011-06-02,0.0
2011-06-03,0.0
2011-06-04,0.0
2011-06-05,0.0
2011-06-06,0.0
2011-06-07,0.0
2011-06-08,0.0
2011-06-09,0.0
2011-06-10,0.0
2011-06-11,0.0
2011-06-12,0.0
2011-06-13,0.0
2011-06-14,0.0
2011-06-15,0.0
2011-06-16,0.0
2011-06-17,0.0
2011-06-18,0.0
2011-06-19,0.0
2011-06-20,0.0
2011-06-21,0.7778764552366193
2011-06-22,15.418181423607994
2011-06-23,0.0
2011-06-24,0.0
2011-06-25,0.0
2011-06-26,0.0
2011-06-27,0.0
2011-06-28,0.0
2011-06-29,0.0
2011-06-30,0.0
2011-07-01,0.009466765772208265
2011-07-02,0.0
2011-07-03,0.03081781898070225
2011-07-04,0.0
2011-07-05,0.0
2011-07-06,0.0
2011-07-07,0.0
2011-07-08,0.0
2011-07-09,0.0
2011-07-10,0.5045208512138561
2011-07-11,0.11076148834305649
2011-07-12,0.0
2011-07-13,0.0
2011-07-14,0.0
2011-07-15,0.0
2011-07-16,0.0
2011-07-17,0.0
2011-07-18,0.0
2011-07-19,0.6823255102378665
2011-07-20,0.12420345143837754
2011-07-21,0.021633884219758988
2011-07-22,0.8074022466755023
2011-07-23,26.620982713754024
2011-07-24,0.0
2011-07-25,0.0
2011-07-26,0.0
2011-07-27,0.0
2011-07-28,0.0
2011-07-29,0.0013274616615774637
2011-07-30,0.721146252253447
2011-07-31,0.20121204548434693
2011-08-01,0.2863492389533534
2011-08-02,0.0026825114930385738
2011-08-03,0.03181733196483419
2011-08-04,0.0
2011-08-05,0.0
2011-08-06,0.0
2011-08-07,0.0
2011-08-08,0.0
2011-08-09,0.0
2011-08-10,0.0
2011-08-11,0.42545900191976704
2011-08-12,14.479267442206856
2011-08-13,0.7364051438786811
2011-08-14,4.994536852935234
2011-08-15,0.7005416968002964
2011-08-16,0.0
2011-08-17,0.0
2011-08-18,0.0
2011-08-19,0.0
2011-08-20,0.0
2011-08-21,0.0
2011-08-22,0.0
2011-08-23,0.0
2011-08-24,0.0
2011-08-25,1.0301201028090312
2011-08-26,0.5747481092920549
2011-08-27,0.896735384769757
2011-08-28,0.000503714873487785
2011-08-29,0.006802667702892477
2011-08-30,0.0
2011-08-31,0.0
2011-09-01,0.0
2011-09-02,0.0
2011-09-03,0.7096532942794439
2011-09-04,0.03777248543257897
2011-09-05,0.0
2011-09-06,0.0
2011-09-07,0.0
2011-09-08,0.0
2011-09-09,0.0
2011-09-10,0.0
2011-09-11,0.0
2011-09-12,0.0
2011-09-13,0.0
2011-09-14,0.0
2011-09-15,0.006802667702892477
2011-09-16,4.7770128975788815
2011-09-17,1.2926801508377657
2011-09-18,1.115623623769011
2011-09-19,12.21815367689695
2011-09-20,1.1354335877675898
2011-09-21,1.1821101945083459
2011-09-22,7.22846948414032
2011-09-23,0.14078394389888121
2011-09-24,0.0
2011-09-25,0.0
2011-09-26,0.05551434306927545
2011-09-27,0.19130006809880604
2011-09-28,2.687090735500994
2011-09-29,7.706715922807144
2011-09-30,0.16184457817780068
2011-10-01,0.0
2011-10-02,0.0
2011-10-03,0.0
2011-10-04,0.0
2011-10-05,0.0
2011-10-06,0.0
2011-10-07,0.0
2011-10-08,8.882496685985004
2011-10-09,47.917239783176505
2011-10-10,0.04630965625906957
2011-10-11,0.0
2011-10-12,0.0
2011-10-13,0.0
2011-10-14,0.0
2011-10-15,0.0
2011-10-16,0.0
2011-10-17,0.0
2011-10-18,0.0
2011-10-19,0.0
2011-10-20,0.0
2011-10-21,0.0
2011-10-22,0.0
2011-10-23,0.0
2011-10-24,0.0
2011-10-25,0.0
2011-10-26,0.0
2011-10-27,0.0
2011-10-28,0.0
2011-10-29,0.0
2011-10-30,0.0
2011-10-31,0.0
2011-11-01,0.0
2011-11-02,0.0
2011-11-03,0.0
2011-11-04,0.0
2011-11-05,0.0
2011-11-06,0.29803596552322886
2011-11-07,1.4422809958015863
2011-11-08,0.5565583108557257
2011-11-09,0.0
2011-11-10,0.0
2011-11-11,0.0
2011-11-12,0.0
2011-11-13,0.0
2011-11-14,0.4473663820949625
2011-11-15,21.51431170056456
2011-11-16,0.0
2011-11-17,0.0
2011-11-18,0.0
2011-11-19,0.0
2011-11-20,0.06989485620917064
2011-11-21,0.1672590678539477
2011-11-22,1.7611567204024827
2011-11-23,0.3749344451662261
2011-11-24,0.18846391348885516
2011-11-25,0.9489295698355115
2011-11-26,9.615897995462989
2011-11-27,0.0
2011-11-28,0.0
2011-11-29,0.0
2011-11-30,0.0
2011-12-01,0.0
2011-12-02,2.3530093906912906
2011-12-03,4.347363526847052
2011-12-04,2.8184750172500177
2011-12-05,10.348013337318848
2011-12-06,0.144754675501963
2011-12-07,0.0
2011-12-08,0.009466765772208265
2011-12-09,0.01893353154441653
2011-12-10,3.2743131226284232
2011-12-11,4.422873208541152
2011-12-12,4.383673456286577
2011-12-13,4.515935988857867
2011-12-14,3.9989010036731587
2011-12-15,3.8742746174555074
2011-12-16,1.7348211632352335
2011-12-17,0.010730045972154295
2011-12-18,0.33003291258686124
2011-12-19,5.769216057297314
2011-12-20,0.0
2011-12-21,0.0
2011-12-22,2.0168962921381435
2011-12-23,0.10200867510321467
2011-12-24,2.673465151271956
2011-12-25,0.10610600860180402
2011-12-26,0.027823611367110687
2011-12-27,0.0
2011-12-28,0.0
2011-12-29,0.16360622211488954
2011-12-30,0.18290405762429457
2011-12-31,0.0
2012-01-01,0.0
2012-01-02,0.0
2012-01-03,0.0
2012-01-04,0.0
2012-01-05,0.0
2012-01-06,0.0
2012-01-07,0.0
2012-01-08,0.35464527150341213
2012-01-09,9.260324503620689
2012-01-10,0.0
2012-01-11,0.0
2012-01-12,0.0
2012-01-13,0.0
2012-01-14,0.0
2012-01-15,0.557675847434133
2012-01-16,0.3051795010034898
2012-01-17,0.0
2012-01-18,0.0
2012-01-19,0.0
2012-01-20,0.0
2012-01-21,0.0
2012-01-22,0.24862296163405018
2012-01-23,0.0
2012-01-24,0.4906250215443919
2012-01-25,26.52739093221489
2012-01-26,0.0013274616615774637
2012-01-27,0.0
2012-01-28,0.0
2012-01-29,0.0
2012-01-30,1.1971632217565717
2012-01-31,0.5927220172699122
2012-02-01,0.042687173977253745
2012-02-02,0.324848734375869
2012-02-03,0.6377787836796754
2012-02-04,0.09212550826466122
2012-02-05,1.2382787809775977
2012-02-06,2.888628743014017
2012-02-07,0.09809773709968497
2012-02-08,0.0
2012-02-09,0.0
2012-02-10,2.561369511511661
2012-02-11,0.037708883620492434
2012-02-12,2.2002357703025788
2012-02-13,3.9496944004512073
2012-02-14,1.0880104334663687
2012-02-15,0.1761619438525133
2012-02-16,0.5697255870667277
2012-02-17,14.644266415050577
2012-02-18,9.091775639523421
2012-02-19,0.0
2012-02-20,0.14733067584641124
2012-02-21,1.5481361964511626
2012-02-22,0.0
2012-02-23,0.03302571506415435
2012-02-24,0.033160866009690794
2012-02-25,0.0
2012-02-26,0.0
2012-02-27,1.0303397645665078
2012-02-28,1.0137091724206193
2012-02-29,0.0
2012-03-01,0.0
2012-03-02,0.009466765772208265
2012-03-03,0.48169859667479953
2012-03-04,0.0
2012-03-05,0.0
2012-03-06,0.017596895136678205
2012-03-07,0.19201007560435032
2012-03-08,0.5705216042042529
2012-03-09,10.564698970889458
2012-03-10,2.588760850047736
2012-03-11,0.9643700543657702
2012-03-12,0.7376608089790317
2012-03-13,0.0
2012-03-14,0.02153695330328479
2012-03-15,0.028232238404137872
2012-03-16,0.21195479179882115
2012-03-17,0.18103497815701122
2012-03-18,0.8410178126916681
2012-03-19,2.6426535075453015
2012-03-20,20.51082778951284
2012-03-21,0.0
2012-03-22,0.0
2012-03-23,0.0
2012-03-24,0.0
2012-03-25,0.0
2012-03-26,0.0
2012-03-27,1.0395431841877105
2012-03-28,13.401928470326245
2012-03-29,0.02972775897820226
2012-03-30,0.09961346366423447
2012-03-31,0.0
2012-04-01,0.0
2012-04-02,0.2916084381850411
2012-04-03,0.4053557289872449
2012-04-04,0.0
2012-04-05,0.0
2012-04-06,0.0
2012-04-07,1.1602184952478107
2012-04-08,10.919754041003234
2012-04-09,0.0
2012-04-10,0.0
2012-04-11,0.0
2012-04-12,0.5799598668848598
2012-04-13,0.23391575985178706
2012-04-14,0.6746428301583951
2012-04-15,0.7659964575955294
2012-04-16,0.0
2012-04-17,0.0
2012-04-18,0.0
2012-04-19,0.0
2012-04-20,0.48148495138690545
2012-04-21,0.0
2012-04-22,0.0
2012-04-23,0.0
2012-04-24,0.0
2012-04-25,0.0
2012-04-26,0.055593077667327205
2012-04-27,0.0
2012-04-28,0.07246609677819447
2012-04-29,0.048586096445921136
2012-04-30,0.437584553027364
2012-05-01,15.988009479110906
2012-05-02,0.08250517812319373
2012-05-03,0.16499383456389807
2012-05-04,0.7398673117719241
2012-05-05,0.21770622022198263
2012-05-06,4.705429813776966
2012-05-07,0.4037849143994106
2012-05-08,53.978829771720804
2012-05-09,0.640175989738423
2012-05-10,49.059303509057564
2012-05-11,4.151332683704064
2012-05-12,0.0
2012-05-13,0.0
2012-05-14,3.1822041674763155
2012-05-15,13.051069310829334
2012-05-16,0.0
2012-05-17,0.0
2012-05-18,0.0
2012-05-19,0.0
2012-05-20,0.0
2012-05-21,0.0
2012-05-22,0.0
2012-05-23,0.0
2012-05-24,0.0
2012-05-25,0.0
2012-05-26,0.02833962100617727
2012-05-27,0.029935968154188513
2012-05-28,0.0
2012-05-29,0.0
2012-05-30,0.0
2012-05-31,0.23920516368362316
2012-06-01,0.0
2012-06-02,0.0
2012-06-03,0.053432694471499204
2012-06-04,0.05955782486639154
2012-06-05,0.06260005888873328
2012-06-06,0.08089046465116273
2012-06-07,0.0070069812214060695
2012-06-08,0.0344647514010696
2012-06-09,0.0
2012-06-10,0.01778669088894167
2012-06-11,0.03908168288606953
2012-06-12,0.0
2012-06-13,0.0
2012-06-14,0.12248211936361489
2012-06-15,0.0
2012-06-16,0.0070069812214060695
2012-06-17,0.008785481296084483
2012-06-18,0.008989794814598075
2012-06-19,0.0070069812214060695
2012-06-20,0.09736421164477707
2012-06-21,0.25803268236670845
2012-06-22,0.08125414644251054
2012-06-23,0.07114676355576668
2012-06-24,0.053863787540312805
2012-06-25,0.0
2012-06-26,0.13648384817604486
2012-06-27,0.08903656733338378
2012-06-28,0.0
2012-06-29,0.00020431351851359262
2012-06-30,0.04533955162864154
2012-07-01,3.0603746529368867
2012-07-02,4.256620199840085
2012-07-03,0.1636682475213412
2012-07-04,1.1990419057865813
2012-07-05,53.931936683977725
2012-07-06,0.0
2012-07-07,0.0
2012-07-08,5.28501797743154
2012-07-09,3.533126565024538
2012-07-10,10.730424749890707
2012-07-11,46.234245991666455
2012-07-12,4.091355945036669
2012-07-13,3.061445953730489
2012-07-14,6.275312629475431
2012-07-15,11.087158160381813
2012-07-16,3.813576881926839
2012-07-17,0.0
2012-07-18,0.24511420104048048
2012-07-19,0.2761874799678644
2012-07-20,0.0
2012-07-21,0.0
2012-07-22,0.0
2012-07-23,0.0
2012-07-24,0.0
2012-07-25,0.0
2012-07-26,0.0
2012-07-27,3.4221681168356075
2012-07-28,0.4352810225947445
2012-07-29,0.022320124750331738
2012-07-30,0.4161458986744875
2012-07-31,0.0
2012-08-01,0.0
2012-08-02,0.0
2012-08-03,0.0
2012-08-04,0.0
2012-08-05,0.0
2012-08-06,0.027757171534637724
2012-08-07,0.1636369400909066
2012-08-08,0.0
2012-08-09,7.064485204384286
2012-08-10,0.8988068771536208
2012-08-11,0.7815522312500264
2012-08-12,0.09789342358117138
2012-08-13,20.58905094961082
2012-08-14,1.0624569040259297
2012-08-15,0.0
2012-08-16,0.0
2012-08-17,0.0
2012-08-18,0.090856718997292
2012-08-19,11.191587800511433
2012-08-20,0.5596766916433997
2012-08-21,0.0
2012-08-22,0.0
2012-08-23,0.0
2012-08-24,0.0
2012-08-25,0.0
2012-08-26,0.16778666274895718
2012-08-27,2.055283265407795
2012-08-28,2.5533930421321154
2012-08-29,0.0
2012-08-30,0.0
2012-08-31,0.0
2012-09-01,0.0
2012-09-02,0.0
2012-09-03,0.0
2012-09-04,0.0
2012-09-05,0.0
2012-09-06,0.0
2012-09-07,0.0
2012-09-08,0.0
2012-09-09,0.0
2012-09-10,0.0
2012-09-11,0.0
2012-09-12,0.0
2012-09-13,7.662319157509088
2012-09-14,22.562355603622432
2012-09-15,1.892757529145942
2012-09-16,29.009877116977933
2012-09-17,0.10275132021542492
2012-09-18,0.18214321917143803
2012-09-19,0.0
2012-09-20,0.0
2012-09-21,0.0
2012-09-22,0.0
2012-09-23,0.0
2012-09-24,0.0
2012-09-25,0.0
2012-09-26,0.0
2012-09-27,0.13447771668920552
2012-09-28,9.577013802303531
2012-09-29,15.045419611772846
2012-09-30,0.3732808056416739
2012-10-01,0.975639668598419
2012-10-02,0.44924133818529294
2012-10-03,0.0
2012-10-04,0.0
2012-10-05,0.0
2012-10-06,0.0
2012-10-07,0.0398972740537237
2012-10-08,0.03487375835875452
2012-10-09,0.0
2012-10-10,0.05609679254081499
2012-10-11,0.2635002883062519
2012-10-12,0.325266528641988
2012-10-13,0.5056956006222357
2012-10-14,0.05321238285069532
2012-10-15,0.14844558962138654
2012-10-16,0.2945606565223262
2012-10-17,0.036258944138098305
2012-10-18,0.0
2012-10-19,0.0
2012-10-20,0.0
2012-10-21,0.009466765772208265
2012-10-22,0.0
2012-10-23,0.0
2012-10-24,0.06505984343953547
2012-10-25,0.009466765772208265
2012-10-26,2.5682252635757994
2012-10-27,0.0
2012-10-28,0.0
2012-10-29,0.0
2012-10-30,0.0
2012-10-31,0.0
2012-11-01,0.0
2012-11-02,0.0
2012-11-03,2.3722993502551737
2012-11-04,0.8305241983317007
2012-11-05,0.0
2012-11-06,0.0
2012-11-07,0.0
2012-11-08,0.0
2012-11-09,0.0
2012-11-10,0.0
2012-11-11,0.0
2012-11-12,0.0
2012-11-13,0.0026825114930385738
2012-11-14,0.0
2012-11-15,0.0
2012-11-16,0.0
2012-11-17,0.0
2012-11-18,0.009466765772208265
2012-11-19,0.048036578164354506
2012-11-20,0.0
2012-11-21,0.12921799796268227
2012-11-22,0.0
2012-11-23,0.08225067732909971
2012-11-24,0.0
2012-11-25,0.0
2012-11-26,0.7027314703923857
2012-11-27,1.3072589125469438
2012-11-28,0.0
2012-11-29,0.0
2012-11-30,0.0
2012-12-01,0.1902293805999878
2012-12-02,0.20782345950488548
2012-12-03,0.02725345666114994
2012-12-04,0.0
2012-12-05,0.0
2012-12-06,0.0
2012-12-07,0.0
2012-12-08,0.22143419127652975
2012-12-09,0.009466765772208265
2012-12-10,0.0
2012-12-11,0.0
2012-12-12,0.0
2012-12-13,0.051738703756187186
2012-12-14,3.3889190605539454
2012-12-15,1.2504398821203362
2012-12-16,1.1954942431624282
2012-12-17,0.0
2012-12-18,0.0
2012-12-19,0.2748324742220159
2012-12-20,0.0
2012-12-21,0.0
2012-12-22,0.0
2012-12-23,0.0024781979745249812
2012-12-24,0.01778669088894167
2012-12-25,0.036077096651371134
2012-12-26,0.0
2012-12-27,0.0
2012-12-28,0.0
2012-12-29,0.0
2012-12-30,0.004853465775991959
2012-12-31,0.4647330060390924
2013-01-01,0.6024848485796928
2013-01-02,0.6690670914895835
2013-01-03,0.8416934091251286
2013-01-04,5.213912346623826
2013-01-05,0.16818504389380165
2013-01-06,0.001634508148108741
2013-01-07,0.004494897407299038
2013-01-08,7.044186698607105
2013-01-09,35.386447540678176
2013-01-10,0.09580236379454622
2013-01-11,0.002334891408553034
2013-01-12,0.44941221490923433
2013-01-13,0.0
2013-01-14,0.0
2013-01-15,0.0
2013-01-16,0.0
2013-01-17,0.0
2013-01-18,0.0
2013-01-19,0.0
2013-01-20,0.0
2013-01-21,0.0
2013-01-22,0.0
2013-01-23,0.0
2013-01-24,0.0
2013-01-25,0.0
2013-01-26,0.0
2013-01-27,0.15269632739745345
2013-01-28,0.12287512821900952
2013-01-29,0.05734026769693832
2013-01-30,0.0
2013-01-31,0.0
2013-02-01,0.0
2013-02-02,0.0
2013-02-03,0.0013274616615774637
2013-02-04,0.1946694984561897
2013-02-05,0.006802667702892477
2013-02-06,1.034553930222089
2013-02-07,0.0
2013-02-08,0.0
2013-02-09,0.46671944409424265
2013-02-10,0.1864308663556096
2013-02-11,0.28243995840907243
2013-02-12,0.04471330911105833
2013-02-13,0.0
2013-02-14,0.0
2013-02-15,0.0
2013-02-16,0.0
2013-02-17,0.0
2013-02-18,0.000503714873487785
2013-02-19,0.027757171534637724
2013-02-20,0.621525137592889
2013-02-21,0.09867104274672683
2013-02-22,0.00020431351851359262
2013-02-23,0.0
2013-02-24,0.0
2013-02-25,0.18453289550561103
2013-02-26,0.0
2013-02-27,0.0
2013-02-28,0.0
2013-03-01,0.0
2013-03-02,0.0
2013-03-03,0.0
2013-03-04,0.0
2013-03-05,0.0
2013-03-06,0.0
2013-03-07,0.0
2013-03-08,1.3414582447927308
2013-03-09,2.416359285967131
2013-03-10,9.02856484169067
2013-03-11,0.0
2013-03-12,0.0
2013-03-13,0.0
2013-03-14,0.0
2013-03-15,0.0
2013-03-16,0.0
2013-03-17,0.0
2013-03-18,0.0
2013-03-19,0.0
2013-03-20,0.03181733196483419
2013-03-21,0.0
2013-03-22,0.0
2013-03-23,0.15719210317608392
2013-03-24,0.0
2013-03-25,0.0
2013-03-26,0.0
2013-03-27,0.0
2013-03-28,0.05630110605932858
2013-03-29,0.014422589479839326
2013-03-30,4.962862065824868
2013-03-31,4.8257230349420475
2013-04-01,0.03305348340765139
2013-04-02,0.9281894198208089
2013-04-03,8.071718428357372
2013-04-04,0.0
2013-04-05,0.0
2013-04-06,0.0
2013-04-07,0.0
2013-04-08,0.052085339050158795
2013-04-09,0.11151182147406306
2013-04-10,0.816643075608057
2013-04-11,0.10749078183205278
2013-04-12,0.0
2013-04-13,0.0
2013-04-14,0.0
2013-04-15,0.0
2013-04-16,0.009466765772208265
2013-04-17,0.8058038167001842
2013-04-18,1.12540109842004
2013-04-19,0.0
2013-04-20,0.0
2013-04-21,0.0
2013-04-22,0.009466765772208265
2013-04-23,0.30850903340943014
2013-04-24,0.9991755117274953
2013-04-25,0.01079422743378573
2013-04-26,0.24922700454002528
2013-04-27,1.6957264649799173
2013-04-28,4.059378023638428
2013-04-29,0.20237597056752937
2013-04-30,0.10292690652836853
2013-05-01,0.0
2013-05-02,4.478166815184438
2013-05-03,0.0
2013-05-04,0.0
2013-05-05,0.32680035894154214
2013-05-06,0.6401188345574704
2013-05-07,0.0
2013-05-08,0.310003933099013
2013-05-09,1.754172948694567
2013-05-10,4.040696392726666
2013-05-11,1.718837868045726
2013-05-12,0.10060285248186182
2013-05-13,0.0
2013-05-14,0.03304257387084813
2013-05-15,7.557352102632147
2013-05-16,0.0025473605475021363
2013-05-17,0.0
2013-05-18,0.04544100891009972
2013-05-19,0.0
2013-05-20,0.05630110605932858
2013-05-21,0.038010700296899125
2013-05-22,0.06576787183153684
2013-05-23,0.16051466638749284
2013-05-24,44.794091429907056
2013-05-25,5.582347439057049
2013-05-26,15.731054820575556
2013-05-27,2.8051348600538484
2013-05-28,0.8835756195269715
2013-05-29,7.305971338287493
2013-05-30,0.17696615996979972
2013-05-31,0.0
2013-06-01,0.011944963746733246
2013-06-02,2.1704774792414816
2013-06-03,0.0
2013-06-04,0.0
2013-06-05,0.0
2013-06-06,0.15928868889814465
2013-06-07,8.590887659198932
2013-06-08,0.15846932597755656
2013-06-09,1.6943791422233285
2013-06-10,5.28814114475831
2013-06-11,0.30638608903035797
2013-06-12,0.7065343185720437
2013-06-13,7.081259995611914
2013-06-14,22.291322275223852
2013-06-15,13.236142580955429
2013-06-16,3.832973120881175
2013-06-17,0.07458728552219127
2013-06-18,0.15758195823972151
2013-06-19,0.016104074080095582
2013-06-20,0.01893353154441653
2013-06-21,0.028400297316624797
2013-06-22,0.0
2013-06-23,0.18967379867650702
2013-06-24,0.04733382886104132
2013-06-25,0.0
2013-06-26,0.0
2013-06-27,0.0
2013-06-28,0.0
2013-06-29,1.0931429597172222
2013-06-30,0.9118499186377288
2013-07-01,0.522724707513437
2013-07-02,0.019137845062930123
2013-07-03,0.0
2013-07-04,0.0
2013-07-05,0.0
2013-07-06,0.0
2013-07-07,0.0
2013-07-08,0.6757524415127167
2013-07-09,0.9061272694041195
2013-07-10,0.0
2013-07-11,0.0
2013-07-12,0.02745777017966353
2013-07-13,0.0
2013-07-14,0.0
2013-07-15,5.373716097211425
2013-07-16,5.324715503097296
2013-07-17,1.8710827623476403
2013-07-18,1.4133805079003166
2013-07-19,0.002846761902476328
2013-07-20,0.006607520977698601
2013-07-21,1.078548133468663
2013-07-22,0.21865466870310454
2013-07-23,0.24952438443893246
2013-07-24,0.0
2013-07-25,0.0
2013-07-26,0.027757171534637724
2013-07-27,0.8801867831296102
2013-07-28,0.03786706308883306
2013-07-29,0.0
2013-07-30,0.0
2013-07-31,0.0
2013-08-01,0.0
2013-08-02,0.0
2013-08-03,0.0
2013-08-04,0.0
2013-08-05,0.0
2013-08-06,0.0
2013-08-07,0.0
2013-08-08,0.031132996085243798
2013-08-09,0.009466765772208265
2013-08-10,0.05335230698980594
2013-08-11,3.5046138363772212
2013-08-12,4.14997543463967
2013-08-13,0.009466765772208265
2013-08-14,0.291276059920336
2013-08-15,0.2150939739143214
2013-08-16,0.3677538175440859
2013-08-17,0.0
2013-08-18,0.0
2013-08-19,0.0
2013-08-20,0.0
2013-08-21,0.36022205406433094
2013-08-22,1.313888617103468
2013-08-23,1.0704944426915866
2013-08-24,0.2608766416008114
2013-08-25,0.1218354531329024
2013-08-26,0.5002586608744561
2013-08-27,7.5836374336674695
2013-08-28,0.16539981306878124
2013-08-29,0.0
2013-08-30,0.0
2013-08-31,0.0
2013-09-01,0.0
2013-09-02,0.4885479640963878
2013-09-03,0.15424570699033124
2013-09-04,0.2737783315923952
2013-09-05,0.04166918334748321
2013-09-06,0.13228121768077025
2013-09-07,2.866168407677036
2013-09-08,16.48377023847403
2013-09-09,1.1457219636827245
2013-09-10,7.941863320955185
2013-09-11,1.943707466667652
2013-09-12,0.0
2013-09-13,0.0
2013-09-14,0.0
2013-09-15,0.10976559417400243
2013-09-16,3.456364893550283
2013-09-17,4.387157053800254
2013-09-18,0.7327882852360409
2013-09-19,2.289939298554943
2013-09-20,25.21653267158367
2013-09-21,1.5587019342740738
2013-09-22,0.0
2013-09-23,0.0
2013-09-24,0.0
2013-09-25,0.0
2013-09-26,0.0
2013-09-27,1.1082478617503964
2013-09-28,7.372502196637911
2013-09-29,2.419814965413274
2013-09-30,0.1275291254635184
2013-10-01,0.0
2013-10-02,0.13501077498635172
2013-10-03,0.0
2013-10-04,0.0
2013-10-05,0.278279044523859
2013-10-06,5.603419368603725
2013-10-07,1.170116725620877
2013-10-08,1.746968755787317
2013-10-09,0.0
2013-10-10,0.0
2013-10-11,0.09390317931920053
2013-10-12,1.0865618247593927
2013-10-13,12.371512128687595
2013-10-14,2.210487574478528
2013-10-15,1.522406248627236
2013-10-16,28.833521112707487
2013-10-17,0.0
2013-10-18,0.25849380647126746
2013-10-19,0.1831002666348106
2013-10-20,0.0
2013-10-21,0.009466765772208265
2013-10-22,0.0
2013-10-23,0.0
2013-10-24,0.0
2013-10-25,0.0
2013-10-26,0.08029784391341557
2013-10-27,0.11371321071720038
2013-10-28,0.0781853311199197
2013-10-29,0.21668337017023018
2013-10-30,0.4057300762830102
2013-10-31,0.9994253528648089
2013-11-01,0.0
2013-11-02,0.0
2013-11-03,0.4603346791284121
2013-11-04,5.1448587854735575
2013-11-05,0.879334950864865
2013-11-06,3.9910634590075302
2013-11-07,0.0
2013-11-08,0.5236740529951484
2013-11-09,0.10234154618987026
2013-11-10,0.07992340604967853
2013-11-11,0.009466765772208265
2013-11-12,0.2696154050028714
2013-11-13,0.0
2013-11-14,0.0
2013-11-15,0.0023430470289885433
2013-11-16,0.09527850375709807
2013-11-17,0.0
2013-11-18,0.0
2013-11-19,0.15805009729488423
2013-11-20,0.10234682527855846
2013-11-21,0.6216171353874219
2013-11-22,12.349518354039168
2013-11-23,6.092477995124783
2013-11-24,7.017413239595121
2013-11-25,5.564487689229528
2013-11-26,0.0
2013-11-27,0.0
2013-11-28,0.0
2013-11-29,0.0
2013-11-30,0.0
2013-12-01,0.0
2013-12-02,0.09175196291669224
2013-12-03,0.0
2013-12-04,0.0024781979745249812
2013-12-05,0.028135307487663675
2013-12-06,0.11465922650047661
2013-12-07,0.0
2013-12-08,0.000503714873487785
2013-12-09,0.1668053776767262
2013-12-10,0.0
2013-12-11,0.0
2013-12-12,0.0
2013-12-13,0.5622850526431761
2013-12-14,0.0
2013-12-15,0.0
2013-12-16,0.0
2013-12-17,0.0
2013-12-18,0.0
2013-12-19,0.15621313860853553
2013-12-20,0.1520051941083318
2013-12-21,10.289065379634353
2013-12-22,0.0
2013-12-23,0.0
2013-12-24,0.0
2013-12-25,0.0
2013-12-26,1.1849139149990524
2013-12-27,8.161954844519984
2013-12-28,0.3781329248818229
2013-12-29,0.000503714873487785
2013-12-30,0.0
2013-12-31,0.0
2014-01-01,0.0
2014-01-02,0.0
2014-01-03,0.0
2014-01-04,0.0
2014-01-05,0.0
2014-01-06,0.0
2014-01-07,0.0
2014-01-08,0.046093758537729033
2014-01-09,0.06760242106121947
2014-01-10,0.6029071843901912
2014-01-11,0.0
2014-01-12,0.067853218518602
2014-01-13,0.021666230313035533
2014-01-14,0.0
2014-01-15,0.0
2014-01-16,0.0
2014-01-17,0.0
2014-01-18,0.0
2014-01-19,0.0
2014-01-20,0.0
2014-01-21,0.0
2014-01-22,0.0
2014-01-23,0.20447697091534028
2014-01-24,0.40027912544485283
2014-01-25,0.0
2014-01-26,0.0
2014-01-27,0.0213326397847712
2014-01-28,0.0026825114930385738
2014-01-29,0.0
2014-01-30,0.0
2014-01-31,0.0
2014-02-01,0.04307390660656958
2014-02-02,0.20018513848496683
2014-02-03,0.0
2014-02-04,0.10537587456155736
2014-02-05,0.0
2014-02-06,0.010463367889381474
2014-02-07,0.24861572774427176
2014-02-08,0.0
2014-02-09,0.0
2014-02-10,0.01905875532875981
2014-02-11,0.4175366961455881
2014-02-12,0.0
2014-02-13,0.0
2014-02-14,0.0
2014-02-15,0.0
2014-02-16,0.009466765772208265
2014-02-17,0.036077096651371134
2014-02-18,2.411529416906313
2014-02-19,0.0
2014-02-20,0.0
2014-02-21,0.0
2014-02-22,0.0
2014-02-23,0.009466765772208265
2014-02-24,0.12601798084305507
2014-02-25,2.6669206869554247
2014-02-26,5.871104601012835
2014-02-27,0.0
2014-02-28,0.0
2014-03-01,0.0
2014-03-02,1.2714030748123313
2014-03-03,0.0
2014-03-04,0.06606727318651104
2014-03-05,0.06664972265805058
2014-03-06,0.0
2014-03-07,0.42418558809343004
2014-03-08,0.40152213641288526
2014-03-09,0.6501281448411067
2014-03-10,1.3778218439443994
2014-03-11,0.0
2014-03-12,0.0
2014-03-13,0.0
2014-03-14,0.0
2014-03-15,0.30360185294598147
2014-03-16,0.09346688830609842
2014-03-17,0.05688607678123951
2014-03-18,0.0
2014-03-19,0.0
2014-03-20,0.0
2014-03-21,0.0
2014-03-22,0.009466765772208265
2014-03-23,0.1592916342818865
2014-03-24,0.029874768880885697
2014-03-25,0.0
2014-03-26,1.319745948972845
2014-03-27,1.0532826969514928
2014-03-28,0.0
2014-03-29,0.0
2014-03-30,0.3470139946126719
2014-03-31,0.601568530666221
2014-04-01,0.0
2014-04-02,0.3953854154056844
2014-04-03,0.14811657471851264
2014-04-04,0.009085718952223583
2014-04-05,0.13022394150885125
2014-04-06,0.7642461621448662
2014-04-07,0.2906343571885128
2014-04-08,0.0
2014-04-09,0.0
2014-04-10,0.0
2014-04-11,0.0
2014-04-12,0.0
2014-04-13,0.060088352271708244
2014-04-14,0.41469984918452846
2014-04-15,0.0
2014-04-16,0.0
2014-04-17,0.029648669244031946
2014-04-18,0.02153695330328479
2014-04-19,0.1951003074742114
2014-04-20,2.0569861491789085
2014-04-21,0.4643680413709452
2014-04-22,0.6364687130659616
2014-04-23,0.06330533336436689
2014-04-24,0.33731547989019356
2014-04-25,0.0
2014-04-26,0.0
2014-04-27,0.1504442454738653
2014-04-28,0.0
2014-04-29,0.0
2014-04-30,0.0
2014-05-01,0.0
2014-05-02,0.0
2014-05-03,0.0
2014-05-04,0.0
2014-05-05,0.0
2014-05-06,0.0
2014-05-07,0.2548176402239293
2014-05-08,0.30435306299574577
2014-05-09,3.765542611829505
2014-05-10,0.09505001997467538
2014-05-11,0.0
2014-05-12,8.969238952157914
2014-05-13,5.929013302460857
2014-05-14,0.7252488245318036
2014-05-15,0.0
2014-05-16,0.0
2014-05-17,0.0
2014-05-18,0.0
2014-05-19,0.0
2014-05-20,0.0
2014-05-21,0.3065478577175868
2014-05-22,0.7398412868800404
2014-05-23,4.967837448455861
2014-05-24,0.6718454968703998
2014-05-25,12.96489059923052
2014-05-26,74.35071650626229
2014-05-27,2.3065124065300875
2014-05-28,0.06364684065547485
2014-05-29,0.0
2014-05-30,0.0
2014-05-31,0.0
2014-06-01,0.0
2014-06-02,0.0
2014-06-03,0.009466765772208265
2014-06-04,0.0
2014-06-05,0.0
2014-06-06,0.009466765772208265
2014-06-07,0.0
2014-06-08,0.37164996404384704
2014-06-09,0.4488654670489044
2014-06-10,0.3572293757203569
2014-06-11,0.0
2014-06-12,1.3875168348319644
2014-06-13,7.428609685895321
2014-06-14,0.6127633089723811
2014-06-15,0.1961573146518462
2014-06-16,6.440916052018399
2014-06-17,0.32148761931308756
2014-06-18,0.43550632874504386
2014-06-19,2.7640676873345993
2014-06-20,13.315282775648596
2014-06-21,3.132090835070565
2014-06-22,0.5260325262118374
2014-06-23,0.5799066108475567
2014-06-24,2.1741877467813997
2014-06-25,4.671839492566122
2014-06-26,4.636907444729751
2014-06-27,0.4401418193469112
2014-06-28,0.4607598584972343
2014-06-29,0.0
2014-06-30,0.0
2014-07-01,0.04961619957958234
2014-07-02,0.0
2014-07-03,0.0930606805124528
2014-07-04,0.01893353154441653
2014-07-05,0.02388935525204759
2014-07-06,0.047370083467067996
2014-07-07,0.004821245003513525
2014-07-08,0.009671079290721857
2014-07-09,0.00020431351851359262
2014-07-10,0.5289125372545178
2014-07-11,12.276086560701557
2014-07-12,0.0
2014-07-13,0.0
2014-07-14,0.0
2014-07-15,3.4908704408838727
2014-07-16,0.03664113269918789
2014-07-17,5.2643116041681335
2014-07-18,10.05579595976522
2014-07-19,0.06779913558554891
2014-07-20,0.20093405582867813
2014-07-21,0.0
2014-07-22,0.0
2014-07-23,0.3451205799235758
2014-07-24,2.347703069441411
2014-07-25,0.4639531903823361
2014-07-26,0.01352692620240473
2014-07-27,0.0
2014-07-28,0.0
2014-07-29,0.0
2014-07-30,0.0
2014-07-31,6.147381765152118
2014-08-01,0.6270960329632869
2014-08-02,0.0903210822002125
2014-08-03,0.0
2014-08-04,0.0
2014-08-05,0.0
2014-08-06,0.0
2014-08-07,0.0
2014-08-08,0.0
2014-08-09,0.0
2014-08-10,0.0
2014-08-11,6.851139248575541
2014-08-12,13.08277295487826
2014-08-13,1.248852832715166
2014-08-14,0.0
2014-08-15,0.0
2014-08-16,0.0
2014-08-17,0.25053971625959987
2014-08-18,0.33330609864121324
2014-08-19,50.95608200507157
2014-08-20,0.0
2014-08-21,0.017295276645799097
2014-08-22,0.0
2014-08-23,0.0
2014-08-24,0.0
2014-08-25,0.0
2014-08-26,0.0
2014-08-27,0.0
2014-08-28,0.0
2014-08-29,0.028400297316624797
2014-08-30,0.09607808028127865
2014-08-31,0.0
2014-09-01,0.0
2014-09-02,0.10292690652836853
2014-09-03,1.7990317548709316
2014-09-04,1.716721082670033
2014-09-05,2.4030539383929614
2014-09-06,2.45760262168925
2014-09-07,32.67985751376124
2014-09-08,0.11065090622950206
2014-09-09,0.0
2014-09-10,0.0
2014-09-11,0.0
2014-09-12,2.3930516832417497
2014-09-13,2.360844025143619
2014-09-14,2.5578468590113874
2014-09-15,0.15085667996082572
2014-09-16,0.03074334434561334
2014-09-17,0.5401220239409151
2014-09-18,0.1228474096624769
2014-09-19,2.1825351177702634
2014-09-20,1.2467288396868075
2014-09-21,5.031626080243455
2014-09-22,0.036077096651371134
2014-09-23,0.0367202224333582
2014-09-24,0.0
2014-09-25,0.0
2014-09-26,3.9988541521968233
2014-09-27,5.943409363659387
2014-09-28,0.0
2014-09-29,0.0
2014-09-30,0.0
2014-10-01,0.0
2014-10-02,0.0
2014-10-03,0.0
2014-10-04,0.0
2014-10-05,0.0
2014-10-06,0.0
2014-10-07,0.0
2014-10-08,0.028400297316624797
2014-10-09,0.03831010165187332
2014-10-10,0.037202613016164475
2014-10-11,16.347826240956966
2014-10-12,0.31798890619012976
2014-10-13,2.3976965447053877
2014-10-14,0.0
2014-10-15,0.0
2014-10-16,0.0
2014-10-17,0.0
2014-10-18,0.0
2014-10-19,0.009466765772208265
2014-10-20,0.0
2014-10-21,0.03068266803516581
2014-10-22,0.8017665237205229
2014-10-23,2.3279727959251804
2014-10-24,0.0
2014-10-25,0.0
2014-10-26,0.0
2014-10-27,0.0
2014-10-28,0.0
2014-10-29,0.0070069812214060695
2014-10-30,0.0
2014-10-31,1.2041708961280022
2014-11-01,0.0
2014-11-02,0.0
2014-11-03,0.12964518217375948
2014-11-04,3.9445012124156436
2014-11-05,35.2917820195831
2014-11-06,4.075116110039016
2014-11-07,0.10122239847115895
2014-11-08,0.05950819133007219
2014-11-09,0.0
2014-11-10,0.0
2014-11-11,0.0
2014-11-12,0.0
2014-11-13,0.0
2014-11-14,0.0
2014-11-15,0.0
2014-11-16,0.0
2014-11-17,0.0
2014-11-18,0.0
2014-11-19,0.0
2014-11-20,0.0
2014-11-21,0.397147818367016
2014-11-22,3.818262702047569
2014-11-23,0.6642883670412164
2014-11-24,0.0
2014-11-25,0.0
2014-11-26,0.0
2014-11-27,0.0
2014-11-28,0.0
2014-11-29,0.0
2014-11-30,0.0
2014-12-01,0.1808146276253887
2014-12-02,0.012149277265246838
2014-12-03,0.26178802646497057
2014-12-04,0.32812149208438673
2014-12-05,0.3266724919087918
2014-12-06,0.0
2014-12-07,0.04618698820556647
2014-12-08,0.0
2014-12-09,0.0
2014-12-10,1.0600261829878292
2014-12-11,1.551399795228416
2014-12-12,0.28199391615961245
2014-12-13,0.1168408100824474
2014-12-14,1.1169896455071595
2014-12-15,0.000503714873487785
2014-12-16,0.0
2014-12-17,0.8006555118490873
2014-12-18,0.04495188368710427
2014-12-19,0.6346201016153062
2014-12-20,0.0
2014-12-21,0.0
2014-12-22,0.02832120758245448
2014-12-23,0.31397014534577905
2014-12-24,0.0
2014-12-25,0.0
2014-12-26,0.0
2014-12-27,0.3411540612382254
2014-12-28,2.260222127858708
2014-12-29,0.007211294739919663
2014-12-30,0.6922515646243178
2014-12-31,3.313894424711106
2015-01-01,1.861142722054808
2015-01-02,0.934061266188145
2015-01-03,2.583987778199233
2015-01-04,0.0
2015-01-05,0.0
2015-01-06,0.0
2015-01-07,0.0
2015-01-08,0.28049033558077796
2015-01-09,0.263694354371066
2015-01-10,8.829375573370976
2015-01-11,0.7069223040098829
2015-01-12,0.0
2015-01-13,0.0
2015-01-14,0.09027392025440033
2015-01-15,0.023276414696506813
2015-01-16,0.0
2015-01-17,0.0
2015-01-18,0.0
2015-01-19,0.0
2015-01-20,0.0
2015-01-21,0.7950464566951224
2015-01-22,12.401009004885239
2015-01-23,6.603107340551919
2015-01-24,0.0
2015-01-25,0.0
2015-01-26,0.08925502087635036
2015-01-27,0.0
2015-01-28,0.0
2015-01-29,0.0
2015-01-30,0.02972775897820226
2015-01-31,4.745820363111289
2015-02-01,0.11543738457088397
2015-02-02,0.024433902481341547
2015-02-03,3.364827289498327
2015-02-04,0.039506234361741985
2015-02-05,0.0
2015-02-06,0.0
2015-02-07,0.0
2015-02-08,0.16360622211488954
2015-02-09,0.3943294887976435
2015-02-10,0.0
2015-02-11,0.0
2015-02-12,0.0375420774802145
2015-02-13,0.0
2015-02-14,0.0
2015-02-15,1.0219040398003434
2015-02-16,0.39069115644895713
2015-02-17,0.08352325194912436
2015-02-18,0.0
2015-02-19,0.0
2015-02-20,0.0
2015-02-21,0.0
2015-02-22,0.20355417652034458
2015-02-23,0.5335618233303506
2015-02-24,0.049312015298790014
2015-02-25,0.017276863222076312
2015-02-26,0.0
2015-02-27,0.4297462504087655
2015-02-28,2.628273681563564
2015-03-01,0.49433827615691767
2015-03-02,0.7610053304089894
2015-03-03,3.0846288908229806
2015-03-04,1.580803805627941
2015-03-05,2.6629324056108
2015-03-06,0.0
2015-03-07,0.21147045901600175
2015-03-08,2.5881396861999812
2015-03-09,4.420737736040532
2015-03-10,0.2696256728652317
2015-03-11,0.0
2015-03-12,0.0
2015-03-13,0.0
2015-03-14,0.0
2015-03-15,0.0
2015-03-16,0.0
2015-03-17,3.5130043895685628
2015-03-18,3.304892345153688
2015-03-19,0.2003575161533381
2015-03-20,4.055718766565777
2015-03-21,21.8543900554257
2015-03-22,7.465574848972489
2015-03-23,0.036077096651371134
2015-03-24,0.0
2015-03-25,0.0
2015-03-26,1.0347881158466254
2015-03-27,0.0
2015-03-28,0.0
2015-03-29,0.0
2015-03-30,0.0
2015-03-31,0.0
2015-04-01,0.05241915193114606
2015-04-02,0.028027924885624278
2015-04-03,0.009466765772208265
2015-04-04,1.19283357569095
2015-04-05,1.1118937710686176
2015-04-06,0.18706516090696457
2015-04-07,0.0800762645770505
2015-04-08,0.909026559840506
2015-04-09,1.56977392474387
2015-04-10,5.06606040599897
2015-04-11,2.647771034592501
2015-04-12,2.8366316562244127
2015-04-13,10.091080539346242
2015-04-14,0.0
2015-04-15,0.026018733842748287
2015-04-16,6.000040254812493
2015-04-17,11.466490521707184
2015-04-18,1.2632102041222923
2015-04-19,0.1248344341579542
2015-04-20,0.0
2015-04-21,0.0
2015-04-22,2.305180549925134
2015-04-23,0.7537890984980793
2015-04-24,15.85010390488271
2015-04-25,1.7064698528598916
2015-04-26,0.4482071705324635
2015-04-27,15.753714337833067
2015-04-28,0.009466765772208265
2015-04-29,0.0
2015-04-30,0.0
2015-05-01,0.0
2015-05-02,0.0
2015-05-03,0.006802667702892477
2015-05-04,1.382458709044154
2015-05-05,2.7251326997419016
2015-05-06,2.677193664499646
2015-05-07,0.7918692066895004
2015-05-08,0.43585488699242675
2015-05-09,0.3450281948002592
2015-05-10,4.3705221885274534
2015-05-11,29.44948466113406
2015-05-12,13.578197284566988
2015-05-13,39.588547919625846
2015-05-14,1.911550673761259
2015-05-15,31.572081506440924
2015-05-16,2.2437511853310266
2015-05-17,45.32378696842145
2015-05-18,5.577637205747612
2015-05-19,1.0868289611291757
2015-05-20,0.6406384254262697
2015-05-21,7.60066522238433
2015-05-22,1.1968765387376745
2015-05-23,63.7774772485215
2015-05-24,20.388817117931293
2015-05-25,3.809973974365125
2015-05-26,2.0838762790032574
2015-05-27,17.66460364608012
2015-05-28,1.205026360190203
2015-05-29,17.897668848827163
2015-05-30,8.16837677638077
2015-05-31,0.04402049221636089
2015-06-01,0.006802667702892477
2015-06-02,0.0
2015-06-03,0.0
2015-06-04,0.028400297316624797
2015-06-05,0.028400297316624797
2015-06-06,0.01893353154441653
2015-06-07,0.0
2015-06-08,0.0
2015-06-09,0.0
2015-06-10,0.0
2015-06-11,0.0
2015-06-12,0.12143207537048771
2015-06-13,0.2856785393456482
2015-06-14,11.226187235728487
2015-06-15,1.888275349874991
2015-06-16,9.439736917417044
2015-06-17,2.9476900771826124
2015-06-18,7.822649475586299
2015-06-19,13.81884322809361
2015-06-20,12.21879089562447
2015-06-21,5.3974648344480505
2015-06-22,3.1998933182212057
2015-06-23,1.5429276210479312
2015-06-24,0.31948245623899335
2015-06-25,0.0
2015-06-26,0.08023901224449839
2015-06-27,26.921545488811695
2015-06-28,10.918443602143924
2015-06-29,0.12336853167108242
2015-06-30,9.710951271781127
2015-07-01,1.9636494227360024
2015-07-02,0.2095000438295238
2015-07-03,0.08175589687345002
2015-07-04,0.2365180676681801
2015-07-05,0.06618827067128755
2015-07-06,0.009466765772208265
2015-07-07,1.4458556546355157
2015-07-08,10.609215259981774
2015-07-09,0.054640211437421586
2015-07-10,0.01893353154441653
2015-07-11,0.0
2015-07-12,0.0
2015-07-13,0.0
2015-07-14,0.0
2015-07-15,0.0
2015-07-16,0.0
2015-07-17,0.0
2015-07-18,0.01893353154441653
2015-07-19,0.0
2015-07-20,0.0
2015-07-21,0.09011202512062871
2015-07-22,0.009466765772208265
2015-07-23,0.0
2015-07-24,0.0
2015-07-25,0.856117289688809
2015-07-26,0.0
2015-07-27,0.009466765772208265
2015-07-28,0.0
2015-07-29,0.0
2015-07-30,0.05638236190775173
2015-07-31,3.8909755864352213
2015-08-01,0.8682746677398332
2015-08-02,0.0
2015-08-03,0.0
2015-08-04,0.401507791884209
2015-08-05,0.009466765772208265
2015-08-06,0.0
2015-08-07,0.0
2015-08-08,0.0
2015-08-09,0.0
2015-08-10,0.0
2015-08-11,0.344495420245233
2015-08-12,1.9167236808269201
2015-08-13,7.85777818814188
2015-08-14,10.472048030230763
2015-08-15,7.440217639264998
2015-08-16,0.033742959201209975
2015-08-17,0.028532212000530965
2015-08-18,0.0
2015-08-19,0.5030644936252446
2015-08-20,11.07611672536319
2015-08-21,1.6126332099511596
2015-08-22,0.21464209920005553
2015-08-23,0.05131489955706748
2015-08-24,0.009466765772208265
2015-08-25,0.09828900588880564
2015-08-26,0.01893353154441653
2015-08-27,0.2507293297501752
2015-08-28,0.0
2015-08-29,0.0
2015-08-30,3.7575477660668666
2015-08-31,1.525083442756269
2015-09-01,0.06352417260197175
2015-09-02,0.009466765772208265
2015-09-03,0.0
2015-09-04,0.03786706308883306
2015-09-05,0.11529062147863356
2015-09-06,0.0
2015-09-07,0.0
2015-09-08,0.0
2015-09-09,3.984213500951308
2015-09-10,0.7758140995233276
2015-09-11,0.5073137837663374
2015-09-12,0.01893353154441653
2015-09-13,0.0
2015-09-14,0.0
2015-09-15,0.1646136518618651
2015-09-16,0.4886126274675096
2015-09-17,0.028400297316624797
2015-09-18,0.01893353154441653
2015-09-19,0.09851747313004502
2015-09-20,0.0
2015-09-21,0.0
2015-09-22,0.0
2015-09-23,0.0
2015-09-24,0.42031502857088904
2015-09-25,0.000503714873487785
2015-09-26,0.07852021176969493
2015-09-27,0.10545913238340243
2015-09-28,0.11500367360107477
2015-09-29,0.0
2015-09-30,0.0
2015-10-01,0.0
2015-10-02,0.0
2015-10-03,0.0
2015-10-04,0.0
2015-10-05,0.39205680186156805
2015-10-06,0.0
2015-10-07,0.0
2015-10-08,0.5882556339574606
2015-10-09,47.803788715497966
2015-10-10,0.02019681174436256
2015-10-11,0.0
2015-10-12,0.003091138530065759
2015-10-13,0.07140624271947353
2015-10-14,0.07344937790460945
2015-10-15,0.0
2015-10-16,0.0
2015-10-17,0.0
2015-10-18,0.0
2015-10-19,0.0
2015-10-20,0.0
2015-10-21,4.195932255057779
2015-10-22,4.134333357207012
2015-10-23,4.398424679786303
2015-10-24,58.257698695540014
2015-10-25,0.40832378341037845
2015-10-26,0.000503714873487785
2015-10-27,0.0
2015-10-28,0.026368125467991475
2015-10-29,0.00020431351851359262
2015-10-30,24.999976537321068
2015-10-31,9.541906754794272
2015-11-01,0.0952153234092778
2015-11-02,0.0
2015-11-03,0.0
2015-11-04,7.319172021006905
2015-11-05,4.140807077715123
2015-11-06,5.124630253713351
2015-11-07,20.18776487994176
2015-11-08,0.1403868285812521
2015-11-09,0.0
2015-11-10,0.3378937367618768
2015-11-11,0.490540878850948
2015-11-12,0.01352692620240473
2015-11-13,0.052201207914727814
2015-11-14,1.8027344501258646
2015-11-15,0.7712275344551889
2015-11-16,4.704652305933029
2015-11-17,2.0410143455543386
2015-11-18,0.0
2015-11-19,0.0
2015-11-20,0.0
2015-11-21,0.07420623870220658
2015-11-22,0.0
2015-11-23,0.0
2015-11-24,0.17293571736413926
2015-11-25,0.6505011144614798
2015-11-26,2.9660627126352046
2015-11-27,15.568676059281987
2015-11-28,28.08475679015734
2015-11-29,2.0050287861226868
2015-11-30,0.048662776723425366
2015-12-01,0.23225899155606025
2015-12-02,0.09076913504775093
2015-12-03,0.0
2015-12-04,0.0
2015-12-05,0.0
2015-12-06,0.0
2015-12-07,0.0
2015-12-08,0.0
2015-12-09,0.0
2015-12-10,0.0
2015-12-11,0.0
2015-12-12,1.3607762740365301
2015-12-13,15.060786508282703
2015-12-14,2.621068887635778
2015-12-15,0.028400297316624797
2015-12-16,0.0
2015-12-17,0.0
2015-12-18,0.0
2015-12-19,0.0
2015-12-20,0.5163896116901393
2015-12-21,0.0
2015-12-22,0.0
2015-12-23,0.0
2015-12-24,0.0
2015-12-25,0.006802667702892477
2015-12-26,1.643900607998613
2015-12-27,10.769152570982994
2015-12-28,0.07215419330274227
2015-12-29,0.0
2015-12-30,0.0
2015-12-31,0.0
2016-01-01,0.9861112606334015
2016-01-02,3.9351395867803154
2016-01-03,1.3528945722190964
2016-01-04,1.7773483185134533
2016-01-05,0.0213326397847712
2016-01-06,6.685767768447507
2016-01-07,0.07723556041540758
2016-01-08,0.0
2016-01-09,0.02367568681375974
2016-01-10,0.0
2016-01-11,0.0
2016-01-12,0.0
2016-01-13,0.0
2016-01-14,0.0
2016-01-15,0.0
2016-01-16,0.15094507126900025
2016-01-17,0.0
2016-01-18,0.0
2016-01-19,0.0
2016-01-20,0.07342780082978548
2016-01-21,0.0
2016-01-22,0.0
2016-01-23,0.0
2016-01-24,0.0
2016-01-25,0.0
2016-01-26,1.477628107337832
2016-01-27,0.0
2016-01-28,0.0
2016-01-29,0.0
2016-01-30,0.0
2016-01-31,0.0
2016-02-01,0.0
2016-02-02,0.0
2016-02-03,0.0
2016-02-04,0.0
2016-02-05,0.0
2016-02-06,0.009466765772208265
2016-02-07,0.0
2016-02-08,0.0
2016-02-09,0.0
2016-02-10,0.0
2016-02-11,0.0
2016-02-12,0.0
2016-02-13,0.0
2016-02-14,0.0
2016-02-15,0.0
2016-02-16,0.0
2016-02-17,0.0
2016-02-18,0.0
2016-02-19,0.0
2016-02-20,0.24747285566547056
2016-02-21,1.0549629727017382
2016-02-22,3.789022603226503
2016-02-23,25.995989251679415
2016-02-24,0.34806068203475005
2016-02-25,0.0
2016-02-26,0.0
2016-02-27,0.0
2016-02-28,0.0
2016-02-29,0.0
2016-03-01,0.0
2016-03-02,0.0
2016-03-03,0.0
2016-03-04,0.0
2016-03-05,0.0
2016-03-06,0.6107326419901268
2016-03-07,1.1491533443666553
2016-03-08,3.316804217328152
2016-03-09,12.757373039368897
2016-03-10,10.743395766087698
2016-03-11,16.017850552384896
2016-03-12,0.06675653301867109
2016-03-13,0.0
2016-03-14,0.0
2016-03-15,0.0
2016-03-16,0.0
2016-03-17,0.14007345833316687
2016-03-18,2.7148136285835287
2016-03-19,7.541046678120522
2016-03-20,0.0
2016-03-21,0.0
2016-03-22,0.0
2016-03-23,0.0
2016-03-24,3.2711599607618234
2016-03-25,0.0
2016-03-26,0.0
2016-03-27,0.09088188389290201
2016-03-28,0.0070069812214060695
2016-03-29,0.20712759460211252
2016-03-30,0.47619868854602043
2016-03-31,0.0
2016-04-01,6.5889842134351495
2016-04-02,0.000503714873487785
2016-04-03,0.0
2016-04-04,0.0
2016-04-05,0.0
2016-04-06,0.039975069290504775
2016-04-07,0.0
2016-04-08,0.32857106189098034
2016-04-09,0.27732731876405625
2016-04-10,0.23004084629397734
2016-04-11,1.1715096278349908
2016-04-12,6.248955961327952
2016-04-13,26.858825302874834
2016-04-14,0.0
2016-04-15,0.0
2016-04-16,6.9060784318600446
2016-04-17,10.387607383902093
2016-04-18,22.59714386665109
2016-04-19,3.4013993800247424
2016-04-20,0.43908684284918653
2016-04-21,2.3779114995001156
2016-04-22,0.01829040576242946
2016-04-23,0.0364704309014373
2016-04-24,0.6601273698508998
2016-04-25,0.014831788758285412
2016-04-26,0.3863298406810137
2016-04-27,9.283489222261167
2016-04-28,0.5918166296287336
2016-04-29,1.3805597653873747
2016-04-30,2.0023633007183634
2016-05-01,0.36761506321706744
2016-05-02,0.8380185291862953
2016-05-03,0.0
2016-05-04,0.0
2016-05-05,0.0
2016-05-06,0.0
2016-05-07,0.09912456509721161
2016-05-08,0.9689897349554875
2016-05-09,0.00020431351851359262
2016-05-10,0.5360849854703277
2016-05-11,0.33838055593329813
2016-05-12,0.1471971770763866
2016-05-13,0.4912176993138149
2016-05-14,17.118974000535275
2016-05-15,2.233897541345301
2016-05-16,0.4067788348936483
2016-05-17,0.46961580332763825
2016-05-18,4.64453015608375
2016-05-19,15.562826313097588
2016-05-20,0.1332218660044043
2016-05-21,0.9603321544281781
2016-05-22,0.28629010787267717
2016-05-23,0.261481351219969
2016-05-24,1.0870039575519297
2016-05-25,0.3570068706224427
2016-05-26,0.34121836235561737
2016-05-27,2.1908664716099637
2016-05-28,7.254809024900224
2016-05-29,64.42484379066467
2016-05-30,14.504140966870466
2016-05-31,9.044188148856712
2016-06-01,8.341239096392966
2016-06-02,17.844562034422868
2016-06-03,8.004719580603199
2016-06-04,4.431360295170325
2016-06-05,1.0566910289763163
2016-06-06,0.0
2016-06-07,0.0
2016-06-08,0.06618827067128755
2016-06-09,0.1040553337601206
2016-06-10,0.10298758283881607
2016-06-11,0.20021199788045554
2016-06-12,0.22937593550123758
2016-06-13,0.01893353154441653
2016-06-14,0.009466765772208265
2016-06-15,0.0
2016-06-16,0.0
2016-06-17,0.0
2016-06-18,0.018854441810246217
2016-06-19,1.3832043284100088
2016-06-20,0.18469056726312047
2016-06-21,0.009466765772208265
2016-06-22,0.0
2016-06-23,0.0
2016-06-24,0.009466765772208265
2016-06-25,5.447273496559998
2016-06-26,1.3520196459023148
2016-06-27,0.1700612666465773
2016-06-28,6.031199660104314
2016-06-29,20.392502000347264
2016-06-30,0.0
2016-07-01,0.009466765772208265
2016-07-02,0.0
2016-07-03,0.1685511411518393
2016-07-04,0.0
2016-07-05,0.0
2016-07-06,0.0
2016-07-07,0.0
2016-07-08,0.0
2016-07-09,0.028400297316624797
2016-07-10,0.03786706308883306
2016-07-11,0.0
2016-07-12,0.0
2016-07-13,0.0
2016-07-14,0.028400297316624797
2016-07-15,0.0
2016-07-16,0.028400297316624797
2016-07-17,0.024009277342024075
2016-07-18,0.0
2016-07-19,0.01893353154441653
2016-07-20,0.009466765772208265
2016-07-21,0.0
2016-07-22,0.0
2016-07-23,0.0
2016-07-24,0.0
2016-07-25,0.05971223559588871
2016-07-26,12.754214137511966
2016-07-27,2.1613040541601096
2016-07-28,1.1245625163512412
2016-07-29,1.179185145908926
2016-07-30,0.028400297316624797
2016-07-31,0.009466765772208265
2016-08-01,0.006403207459185009
2016-08-02,0.0
2016-08-03,0.0
2016-08-04,0.0
2016-08-05,0.012199464540827267
2016-08-06,0.0
2016-08-07,0.0
2016-08-08,0.030664254611443027
2016-08-09,0.0
2016-08-10,0.009466765772208265
2016-08-11,0.0
2016-08-12,0.011809812801196808
2016-08-13,17.703539181347583
2016-08-14,19.52896363313312
2016-08-15,8.401637769016338
2016-08-16,8.713572633333897
2016-08-17,3.5345505196879263
2016-08-18,2.660768393631607
2016-08-19,3.137511741527456
2016-08-20,38.10557037523643
2016-08-21,7.317599162012339
2016-08-22,1.8712765973261318
2016-08-23,0.02972775897820226
2016-08-24,0.0
2016-08-25,0.0
2016-08-26,0.01454251156981581
2016-08-27,0.0983964188314787
2016-08-28,0.23716822387068107
2016-08-29,0.7951859154477688
2016-08-30,6.996351243292292
2016-08-31,1.9370624546713293
2016-09-01,1.7004276269846
2016-09-02,5.1159328937283
2016-09-03,1.5223925210066207
2016-09-04,0.4799906619053872
2016-09-05,0.5026631868879754
2016-09-06,0.5456417492425075
2016-09-07,0.13130879042127055
2016-09-08,0.0
2016-09-09,0.0
2016-09-10,0.16060051727132282
2016-09-11,1.6953403883510527
2016-09-12,0.5654107959097175
2016-09-13,19.784123024626073
2016-09-14,2.78324366115049
2016-09-15,0.6638433900185403
2016-09-16,0.01893353154441653
2016-09-17,0.0
2016-09-18,0.04618698820556647
2016-09-19,0.01079422743378573
2016-09-20,0.0
2016-09-21,0.03786706308883306
2016-09-22,0.0
2016-09-23,0.01893353154441653
2016-09-24,0.4606305160490372
2016-09-25,67.3437660071718
2016-09-26,47.58899675441197
2016-09-27,0.11687960547596205
2016-09-28,0.0
2016-09-29,0.0
2016-09-30,0.04994892145060205
2016-10-01,0.2985838190100495
2016-10-02,0.0
2016-10-03,0.0
2016-10-04,0.0
2016-10-05,0.0
2016-10-06,0.01893353154441653
2016-10-07,0.14089754371619181
2016-10-08,0.009466765772208265
2016-10-09,0.0
2016-10-10,0.0
2016-10-11,0.0
2016-10-12,0.0
2016-10-13,1.0739188046119077
2016-10-14,0.03786706308883306
2016-10-15,0.009466765772208265
2016-10-16,0.0
2016-10-17,0.0
2016-10-18,0.0
2016-10-19,0.0
2016-10-20,0.24798818477374704
2016-10-21,0.0
2016-10-22,0.0
2016-10-23,0.05913315262737104
2016-10-24,0.028400297316624797
2016-10-25,0.08099049298137627
2016-10-26,0.0
2016-10-27,0.06562423462347078
2016-10-28,0.0
2016-10-29,0.0
2016-10-30,0.0
2016-10-31,0.0
2016-11-01,0.01893353154441653
2016-11-02,1.2092950160805096
2016-11-03,9.711180678964666
2016-11-04,3.1577074035052433
2016-11-05,0.18998328005790174
2016-11-06,0.880654427420005
2016-11-07,2.277135537561397
2016-11-08,2.962115625518815
2016-11-09,4.114420051757282
2016-11-10,2.8460893231474373
2016-11-11,0.009689492714444643
2016-11-12,0.08185208574263687
2016-11-13,2.0979488472397727
2016-11-14,0.0
2016-11-15,0.0
2016-11-16,0.0
2016-11-17,0.0
2016-11-18,0.25186603650690154
2016-11-19,0.0
2016-11-20,0.0
2016-11-21,0.0
2016-11-22,0.08020223311409969
2016-11-23,0.0
2016-11-24,0.0
2016-11-25,1.0414867614223193
2016-11-26,0.037536203544428805
2016-11-27,0.4477312264900053
2016-11-28,0.01893353154441653
2016-11-29,0.0
2016-11-30,0.0
2016-12-01,0.0
2016-12-02,2.1328492243933352
2016-12-03,30.30866162920253
2016-12-04,11.378826850961817
2016-12-05,20.43194723492855
2016-12-06,0.024941436970067496
2016-12-07,0.041065346743291375
2016-12-08,0.0
2016-12-09,0.0
2016-12-10,0.0551023492023973
2016-12-11,0.8514310501555733
2016-12-12,0.0
2016-12-13,0.12631991771993747
2016-12-14,0.0
2016-12-15,0.14884556957781558
2016-12-16,0.7610961116548707
2016-12-17,0.0
2016-12-18,0.0
2016-12-19,0.0
2016-12-20,0.0
2016-12-21,0.0
2016-12-22,0.0
2016-12-23,0.15905465136349956
2016-12-24,0.6794191574425013
2016-12-25,1.3170873014685456
2016-12-26,0.38297364161796077
2016-12-27,0.2840761579158692
2016-12-28,0.03830608054650235
2016-12-29,0.4017136948996781
2016-12-30,0.217017144376442
2016-12-31,0.21045855986308937
2017-01-01,0.0
2017-01-02,0.6624389434929058
2017-01-03,0.0
2017-01-04,0.0
2017-01-05,0.0
2017-01-06,0.21598854411187088
2017-01-07,0.0
2017-01-08,0.0
2017-01-09,0.0
2017-01-10,0.0
2017-01-11,0.0
2017-01-12,0.01893353154441653
2017-01-13,1.6899906997500167
2017-01-14,2.480869207255133
2017-01-15,3.4649182599564616
2017-01-16,16.835449385516387
2017-01-17,1.7803040846894327
2017-01-18,3.5883717989473407
2017-01-19,0.0013274616615774637
2017-01-20,0.0
2017-01-21,0.09128134413660947
2017-01-22,0.00997048064569605
2017-01-23,0.0
2017-01-24,0.0
2017-01-25,0.0
2017-01-26,0.0
2017-01-27,0.01893353154441653
2017-01-28,0.8208738063962392
2017-01-29,0.0
2017-01-30,0.0
2017-01-31,0.0
2017-02-01,0.0
2017-02-02,0.0
2017-02-03,0.359253308788709
2017-02-04,0.4630720428557056
2017-02-05,0.450683733508161
2017-02-06,0.34038330105316994
2017-02-07,0.0
2017-02-08,0.0
2017-02-09,0.0
2017-02-10,0.0769198435163127
2017-02-11,0.0
2017-02-12,0.0
2017-02-13,1.766217276781907
2017-02-14,26.096053606320517
2017-02-15,0.03577769529639694
2017-02-16,0.0
2017-02-17,0.0
2017-02-18,0.0
2017-02-19,1.6310349413088472
2017-02-20,17.632527842946956
2017-02-21,0.0
2017-02-22,0.0
2017-02-23,0.0
2017-02-24,0.0
2017-02-25,0.0
2017-02-26,0.4866341077548769
2017-02-27,0.01893353154441653
2017-02-28,0.34576570557275293
2017-03-01,0.0
2017-03-02,0.0
2017-03-03,0.0070069812214060695
2017-03-04,10.721428835473791
2017-03-05,1.0189650731115785
2017-03-06,0.27863483157701224
2017-03-07,0.22904302920782635
2017-03-08,0.25786862022898266
2017-03-09,0.6184079912931523
2017-03-10,1.1674487820078823
2017-03-11,1.0226236773794397
2017-03-12,0.0013274616615774637
2017-03-13,0.12710732795868523
2017-03-14,0.0
2017-03-15,0.0
2017-03-16,0.23874389582873692
2017-03-17,0.0
2017-03-18,0.07436878487952166
2017-03-19,0.000503714873487785
2017-03-20,0.0
2017-03-21,0.0
2017-03-22,0.0
2017-03-23,0.027757171534637724
2017-03-24,0.7652113885424826
2017-03-25,0.0
2017-03-26,0.0
2017-03-27,0.08327151460391317
2017-03-28,0.668592345148633
2017-03-29,13.818367660521947
2017-03-30,0.08957088261520277
2017-03-31,0.0
2017-04-01,0.495953516513753
2017-04-02,44.030126445054584
2017-04-03,0.0
2017-04-04,0.0
2017-04-05,0.0
2017-04-06,0.12903959347514074
2017-04-07,0.0
2017-04-08,0.0
2017-04-09,0.17699268400232973
2017-04-10,1.408468955171799
2017-04-11,6.975955825663667
2017-04-12,0.2973656188546245
2017-04-13,2.057308262195886
2017-04-14,0.677505799860336
2017-04-15,0.40029198097651814
2017-04-16,0.7182065440257954
2017-04-17,55.227178924387935
2017-04-18,0.0
2017-04-19,0.02725345666114994
2017-04-20,0.0
2017-04-21,0.10901382664459976
2017-04-22,0.0053650229860771476
2017-04-23,0.0
2017-04-24,0.0
2017-04-25,0.0
2017-04-26,0.0
2017-04-27,0.0
2017-04-28,0.0
2017-04-29,0.11554828939184854
2017-04-30,1.0757625693506014
2017-05-01,0.0
2017-05-02,0.0
2017-05-03,0.36400244489133055
2017-05-04,0.0
2017-05-05,0.0
2017-05-06,0.0
2017-05-07,0.0
2017-05-08,0.26607353927362526
2017-05-09,0.898820736631616
2017-05-10,0.977582533145887
2017-05-11,1.3963626149327426
2017-05-12,0.0
2017-05-13,0.0
2017-05-14,0.1894691765042341
2017-05-15,0.0
2017-05-16,1.6412936520370862
2017-05-17,1.2044378655425927
2017-05-18,0.22880788653693424
2017-05-19,0.8091400261699226
2017-05-20,21.276764369295858
2017-05-21,22.10036961536981
2017-05-22,3.4687799074671144
2017-05-23,0.8012003084308184
2017-05-24,0.0026825114930385738
2017-05-25,0.0
2017-05-26,0.36171652925739994
2017-05-27,0.06470670045186201
2017-05-28,10.872400118145142
2017-05-29,9.327772718529264
2017-05-30,10.598080688586863
2017-05-31,3.576978697627494
2017-06-01,1.144633337061819
2017-06-02,8.909569708422875
2017-06-03,16.02065010337167
2017-06-04,2.606235369588473
2017-06-05,3.1149148892627645
2017-06-06,0.0
2017-06-07,0.0
2017-06-08,0.009466765772208265
2017-06-09,0.10292690652836853
2017-06-10,0.0
2017-06-11,0.01893353154441653
2017-06-12,0.0
2017-06-13,0.009466765772208265
2017-06-14,0.16802901285462873
2017-06-15,0.028400297316624797
2017-06-16,0.0
2017-06-17,0.0
2017-06-18,0.0
2017-06-19,0.0
2017-06-20,0.0
2017-06-21,0.0
2017-06-22,0.0
2017-06-23,0.009466765772208265
2017-06-24,0.23964650565870996
2017-06-25,0.10290849310464574
2017-06-26,5.406776370148394
2017-06-27,11.584250230799512
2017-06-28,0.059871936308377026
2017-06-29,0.0
2017-06-30,0.15588515072975662
2017-07-01,0.05450691332229988
2017-07-02,0.08176036998344981
2017-07-03,0.0
2017-07-04,0.0
2017-07-05,0.02725345666114994
2017-07-06,0.07279731908472933
2017-07-07,0.21549737629786073
2017-07-08,0.28459848125741666
2017-07-09,0.02725345666114994
2017-07-10,0.02725345666114994
2017-07-11,0.05450691332229988
2017-07-12,0.0974275858567181
2017-07-13,9.074693068604516
2017-07-14,1.6578501157869903
2017-07-15,1.2258556640779712
2017-07-16,3.1127477272866635
2017-07-17,3.9572432399155852
2017-07-18,0.7645133418558178
2017-07-19,0.0
2017-07-20,0.02725345666114994
2017-07-21,0.0
2017-07-22,0.02725345666114994
2017-07-23,0.0922237378728313
2017-07-24,0.3075793831206535
2017-07-25,0.009466765772208265
2017-07-26,0.11225024028670653
2017-07-27,0.0
2017-07-28,0.0
2017-07-29,0.0
2017-07-30,0.6311233580733763
2017-07-31,3.8928958053038474
2017-08-01,0.10948143525615252
2017-08-02,6.589536883238827
2017-08-03,1.841197032672256
2017-08-04,0.2364996579485203
2017-08-05,0.2093264596171023
2017-08-06,0.6138154540407726
2017-08-07,18.47196461253502
2017-08-08,5.519582677372949
2017-08-09,1.5241045184250126
2017-08-10,0.13862938243697065
2017-08-11,0.0
2017-08-12,0.0023430470289885433
2017-08-13,0.0
2017-08-14,0.0
2017-08-15,0.0
2017-08-16,8.947156063909027
2017-08-17,0.0
2017-08-18,0.0
2017-08-19,0.0
2017-08-20,0.0
2017-08-21,0.0
2017-08-22,0.0
2017-08-23,1.8013408105853284
2017-08-24,5.164699322771811
2017-08-25,3.1371008623838113
2017-08-26,0.8486473910153232
2017-08-27,1.6028127564579737
2017-08-28,0.0
2017-08-29,0.0
2017-08-30,0.0
2017-08-31,0.0024781979745249812
2017-09-01,0.008251847997629314
2017-09-02,0.0023430470289885433
2017-09-03,0.027757171534637724
2017-09-04,0.0
2017-09-05,1.6439380251720201
2017-09-06,0.12986438480899595
2017-09-07,0.0
2017-09-08,0.0
2017-09-09,0.0
2017-09-10,0.0
2017-09-11,0.0
2017-09-12,0.0
2017-09-13,0.05684180473085291
2017-09-14,0.0
2017-09-15,0.0
2017-09-16,0.0
2017-09-17,0.0
2017-09-18,0.0
2017-09-19,0.23445510810183376
2017-09-20,0.20840957641640834
2017-09-21,0.0013274616615774637
2017-09-22,1.1636792469179864
2017-09-23,0.31117987988207113
2017-09-24,0.38764391411582666
2017-09-25,14.399808423650182
2017-09-26,17.67723509048602
2017-09-27,45.82582621159871
2017-09-28,22.49506259423723
2017-09-29,3.3058121156533318
2017-09-30,0.09166863771358351
2017-10-01,0.14909619481442585
2017-10-02,0.0
2017-10-03,0.07562877165906136
2017-10-04,3.0293140303933104
2017-10-05,0.5124397124636471
2017-10-06,0.05450691332229988
2017-10-07,0.14573404907795795
2017-10-08,0.02725345666114994
2017-10-09,0.0
2017-10-10,4.376596385405172
2017-10-11,0.0712709700845733
2017-10-12,0.0
2017-10-13,0.02725345666114994
2017-10-14,0.27427888773537523
2017-10-15,0.6761325406009746
2017-10-16,0.0
2017-10-17,0.0
2017-10-18,0.02959650369013848
2017-10-19,0.0
2017-10-20,0.19043043096610007
2017-10-21,0.0
2017-10-22,0.02725345666114994
2017-10-23,0.0
2017-10-24,0.0
2017-10-25,0.0
2017-10-26,0.0
2017-10-27,0.0
2017-10-28,0.0
2017-10-29,0.0
2017-10-30,0.0
2017-10-31,0.17965313075523057
2017-11-01,0.0
2017-11-02,0.0
2017-11-03,0.0
2017-11-04,0.19425741489288403
2017-11-05,0.06644798141156047
2017-11-06,0.0
2017-11-07,0.0
2017-11-08,1.544585877596225
2017-11-09,0.498828984632109
2017-11-10,0.30629410599760554
2017-11-11,0.5381084431112997
2017-11-12,0.4704625747892117
2017-11-13,2.3910543460720124
2017-11-14,2.0040556116229484
2017-11-15,0.17941110372011257
2017-11-16,0.02873098222535298
2017-11-17,0.0
2017-11-18,0.0
2017-11-19,0.017126305698584688
2017-11-20,0.3838770603136125
2017-11-21,0.8356369869744666
2017-11-22,0.0
2017-11-23,0.0
2017-11-24,0.0
2017-11-25,0.0
2017-11-26,0.0
2017-11-27,0.0
2017-11-28,0.0
2017-11-29,0.0
2017-11-30,0.0
2017-12-01,0.0
2017-12-02,0.020408003108677433
2017-12-03,1.0287339317852444
2017-12-04,0.18461702941098387
2017-12-05,1.3624463321289946
2017-12-06,11.979589737067908
2017-12-07,16.41965004022887
2017-12-08,0.8321514403792086
2017-12-09,0.0
2017-12-10,0.0
2017-12-11,0.0
2017-12-12,0.0
2017-12-13,0.0
2017-12-14,0.1692555557764565
2017-12-15,0.24701165922274004
2017-12-16,1.901341572383987
2017-12-17,0.46745522334438483
2017-12-18,0.22936729390410526
2017-12-19,1.8354329574522734
2017-12-20,0.38732707593875926
2017-12-21,0.45096111685955703
2017-12-22,2.3048009209442046
2017-12-23,0.034056124364042414
2017-12-24,0.0
2017-12-25,0.0
2017-12-26,0.16352073996689961
2017-12-27,0.28208890838040757
2017-12-28,0.02725345666114994
2017-12-29,0.0
2017-12-30,0.0
2017-12-31,0.46908606949966175
2018-01-01,0.7326697983615332
2018-01-02,0.0
2018-01-03,0.0
2018-01-04,0.0
2018-01-05,0.0
2018-01-06,0.0
2018-01-07,0.4660022060216823
2018-01-08,0.0
2018-01-09,0.0
2018-01-10,0.0
2018-01-11,0.0
2018-01-12,0.0
2018-01-13,0.0
2018-01-14,0.0
2018-01-15,0.0
2018-01-16,0.9725769263231572
2018-01-17,0.0
2018-01-18,0.2177217840047292
2018-01-19,0.24368692953393487
2018-01-20,0.10352520920796932
2018-01-21,0.528691578239762
2018-01-22,0.0
2018-01-23,0.0
2018-01-24,0.0
2018-01-25,0.0
2018-01-26,1.5399661172965247
2018-01-27,2.726850707529066
2018-01-28,0.0
2018-01-29,0.0
2018-01-30,0.0
2018-01-31,0.0
2018-02-01,0.0
2018-02-02,0.000503714873487785
2018-02-03,0.7728500871770981
2018-02-04,0.0
2018-02-05,0.03673660252622378
2018-02-06,2.3677820294128127
2018-02-07,0.6081185902059542
2018-02-08,0.0
2018-02-09,0.0
2018-02-10,1.027333632248651
2018-02-11,0.30976570703171796
2018-02-12,0.0
2018-02-13,0.5310672738241909
2018-02-14,0.6495279897850205
2018-02-15,0.5294704095962479
2018-02-16,0.028135307487663675
2018-02-17,0.8101229276661946
2018-02-18,0.1569021622522079
2018-02-19,0.09170694496969793
2018-02-20,1.9085057770804938
2018-02-21,19.72124501851498
2018-02-22,2.5778611506729168
2018-02-23,4.10491978860002
2018-02-24,1.178594192417143
2018-02-25,0.034056124364042414
2018-02-26,0.0
2018-02-27,1.2116855693697548
2018-02-28,1.9028020472928215
2018-03-01,0.5334858467340302
2018-03-02,0.0
2018-03-03,0.2189747416165998
2018-03-04,0.4316332727748278
2018-03-05,0.10061481179369602
2018-03-06,0.0
2018-03-07,0.0
2018-03-08,0.0
2018-03-09,0.08683611578105736
2018-03-10,0.11848059241680801
2018-03-11,0.9069956783131123
2018-03-12,0.0
2018-03-13,0.0
2018-03-14,0.0
2018-03-15,0.01778669088894167
2018-03-16,0.0
2018-03-17,0.05450691332229988
2018-03-18,0.11848059241680801
2018-03-19,0.0
2018-03-20,0.0
2018-03-21,0.0
2018-03-22,0.0
2018-03-23,0.04383829545828157
2018-03-24,0.00100742974697557
2018-03-25,0.028400297316624797
2018-03-26,0.0
2018-03-27,1.7930762735754542
2018-03-28,9.764299373551841
2018-03-29,0.0
2018-03-30,0.0
2018-03-31,0.0
2018-04-01,0.0
2018-04-02,0.4854268264145699
2018-04-03,0.0
2018-04-04,0.045040147550091614
2018-04-05,0.0
2018-04-06,0.06397367909450814
2018-04-07,0.0
2018-04-08,0.0024781979745249812
2018-04-09,0.08066773770892635
2018-04-10,0.04199704548784908
2018-04-11,0.0
2018-04-12,0.0
2018-04-13,0.12403535728282061
2018-04-14,0.14632053733995357
2018-04-15,0.0
2018-04-16,0.0
2018-04-17,0.0
2018-04-18,0.0
2018-04-19,0.0
2018-04-20,0.6230535589618211
2018-04-21,0.8548593254729238
2018-04-22,0.0
2018-04-23,0.02832120758245448
2018-04-24,0.0
2018-04-25,14.639680000124091
2018-04-26,0.20516525697838955
2018-04-27,0.009466765772208265
2018-04-28,0.0
2018-04-29,0.0
2018-04-30,0.9544637846507951
2018-05-01,1.1734700053194151
2018-05-02,0.9889792763222621
2018-05-03,0.9425650878465734
2018-05-04,39.68753030431933
2018-05-05,0.04003269628556042
2018-05-06,0.0
2018-05-07,0.0
2018-05-08,0.0
2018-05-09,0.0
2018-05-10,0.0
2018-05-11,0.0
2018-05-12,0.0
2018-05-13,0.269715012431691
2018-05-14,0.47793064808592617
2018-05-15,0.29980598652561763
2018-05-16,0.8234083156971685
2018-05-17,0.0
2018-05-18,0.07229360421124155
2018-05-19,0.06095841393724246
2018-05-20,14.51910231697981
2018-05-21,0.7408340617196489
2018-05-22,0.496691150718699
2018-05-23,0.05501062819578766
2018-05-24,0.05450691332229988
2018-05-25,0.0
2018-05-26,0.0
2018-05-27,0.0
2018-05-28,0.0
2018-05-29,0.0
2018-05-30,0.0
2018-05-31,0.0
2018-06-01,0.02725345666114994
2018-06-02,0.13512044265027484
2018-06-03,0.3143223792220296
2018-06-04,0.558380368732133
2018-06-05,0.0
2018-06-06,0.1953380719317338
2018-06-07,0.06091012078148488
2018-06-08,0.05723961209091888
2018-06-09,0.006403207459185009
2018-06-10,0.0
2018-06-11,0.07229360421124155
2018-06-12,0.21713933453318965
2018-06-13,0.1765943046368881
2018-06-14,0.14595677602019433
2018-06-15,0.11602080786600583
2018-06-16,0.5098922648343501
2018-06-17,0.14700287725614583
2018-06-18,0.7975527084620385
2018-06-19,0.38672297173417297
2018-06-20,0.6453697726573987
2018-06-21,0.30787340316206363
2018-06-22,0.13487524967625203
2018-06-23,0.0
2018-06-24,0.0
2018-06-25,0.40584545301560127
2018-06-26,0.743148512401803
2018-06-27,0.0
2018-06-28,0.0
2018-06-29,0.0
2018-06-30,0.16212870633740198
2018-07-01,0.02725345666114994
2018-07-02,0.0
2018-07-03,0.0
2018-07-04,0.49506592061290017
2018-07-05,11.279672254084415
2018-07-06,4.4550890379112005
2018-07-07,9.605435555931631
2018-07-08,7.71271137204996
2018-07-09,11.856961032279965
2018-07-10,0.09404023206504339
2018-07-11,0.1110286861385509
2018-07-12,0.027757171534637724
2018-07-13,0.0
2018-07-14,0.0
2018-07-15,0.027757171534637724
2018-07-16,0.0
2018-07-17,0.0
2018-07-18,0.0
2018-07-19,0.0
2018-07-20,0.0
2018-07-21,0.0
2018-07-22,0.0
2018-07-23,0.0
2018-07-24,0.28221432524811324
2018-07-25,0.0
2018-07-26,0.0
2018-07-27,0.0
2018-07-28,0.0
2018-07-29,0.0
2018-07-30,0.0
2018-07-31,13.763110962959937
2018-08-01,0.0
2018-08-02,0.04705500704404275
2018-08-03,0.027757171534637724
2018-08-04,0.0
2018-08-05,4.077794495859533
2018-08-06,0.3236435405111047
2018-08-07,0.21995731025560275
2018-08-08,0.05551434306927545
2018-08-09,0.0
2018-08-10,4.127755138109364
2018-08-11,48.97681624229414
2018-08-12,35.04195109878337
2018-08-13,11.479939324917703
2018-08-14,0.2866679907147316
2018-08-15,0.0
2018-08-16,0.027757171534637724
2018-08-17,0.0
2018-08-18,0.0
2018-08-19,0.07502630297986056
2018-08-20,0.12881537702749257
2018-08-21,0.05551434306927545
2018-08-22,0.0
2018-08-23,0.0
2018-08-24,0.0
2018-08-25,0.0
2018-08-26,0.0
2018-08-27,0.0
2018-08-28,0.0
2018-08-29,0.0
2018-08-30,0.1366857956516896
2018-08-31,0.08327151460391317
2018-09-01,0.07429192352054546
2018-09-02,2.111516788186772
2018-09-03,11.447615981360594
2018-09-04,59.01164388081979
2018-09-05,6.4113223310419025
2018-09-06,21.866657103936852
2018-09-07,9.296083377719604
2018-09-08,48.45138029679023
2018-09-09,25.180832297077163
2018-09-10,3.9154378553028195
2018-09-11,1.9575790041478
2018-09-12,0.6903862200690672
2018-09-13,1.7861424097768772
2018-09-14,5.09345204705168
2018-09-15,25.327056399463785
2018-09-16,34.12533706081768
2018-09-17,1.9501263583097883
2018-09-18,0.6746247838545241
2018-09-19,0.11497283342729311
2018-09-20,7.705317401420518
2018-09-21,6.715616396847955
2018-09-22,9.541941001017396
2018-09-23,0.027757171534637724
2018-09-24,0.05450691332229988
2018-09-25,0.02725345666114994
2018-09-26,0.3537243775650921
2018-09-27,0.0
2018-09-28,0.5752554268752095
2018-09-29,3.0679086141425302
2018-09-30,0.643743476598529
2018-10-01,0.6530323651493007
2018-10-02,0.9866036474109672
2018-10-03,0.23463198509916058
2018-10-04,0.062317010772167926
2018-10-05,0.143748174094855
2018-10-06,0.8529450011121588
2018-10-07,4.684185901625658
2018-10-08,64.36061627354914
2018-10-09,40.878431157514136
2018-10-10,0.0
2018-10-11,0.03535813780550484
2018-10-12,0.4517212980591174
2018-10-13,2.5530290470024584
2018-10-14,1.6145295521210263
2018-10-15,65.04636674142597
2018-10-16,25.059258044825448
2018-10-17,3.499427235255099
2018-10-18,6.728133483937504
2018-10-19,7.073802908384481
2018-10-20,4.346967599916301
2018-10-21,0.5541142127575212
2018-10-22,14.271736935337737
2018-10-23,6.209860150855092
2018-10-24,17.20353601827751
2018-10-25,0.0
2018-10-26,0.0
2018-10-27,0.0
2018-10-28,0.0
2018-10-29,0.0
2018-10-30,0.0
2018-10-31,1.9505792916053133
2018-11-01,1.2287129550155635
2018-11-02,0.006590904097158703
2018-11-03,0.0
2018-11-04,0.3946222735885152
2018-11-05,0.05450691332229988
2018-11-06,0.0
2018-11-07,0.0
2018-11-08,1.2889640842059231
2018-11-09,2.871080191165047
2018-11-10,0.4295355195829501
2018-11-11,0.20152349966058886
2018-11-12,1.4389146082956414
2018-11-13,0.0
2018-11-14,0.0
2018-11-15,0.0
2018-11-16,0.0
2018-11-17,0.048790409964434726
2018-11-18,0.8808933741272821
2018-11-19,0.09278260344816013
2018-11-20,0.0
2018-11-21,0.28386412582003956
2018-11-22,0.10901382664459976
2018-11-23,0.05450691332229988
2018-11-24,0.35104245754191715
2018-11-25,0.2550632457470471
2018-11-26,0.21516309078569773
2018-11-27,0.006590904097158703
2018-11-28,0.78362842174756
2018-11-29,0.0
2018-11-30,0.3148572078797173
2018-12-01,0.02833962100617727
2018-12-02,0.0
2018-12-03,0.0
2018-12-04,0.0
2018-12-05,0.0
2018-12-06,1.1100936874551623
2018-12-07,20.7468659706719
2018-12-08,9.10128310319758
2018-12-09,0.0
2018-12-10,0.0
2018-12-11,0.0
2018-12-12,0.17126022715434483
2018-12-13,0.12404510414330017
2018-12-14,0.2915549439801187
2018-12-15,0.0
2018-12-16,0.0
2018-12-17,0.0027326987686190018
2018-12-18,0.20657738075561774
2018-12-19,0.39199951901754215
2018-12-20,0.0
2018-12-21,0.0
2018-12-22,0.0
2018-12-23,0.00020431351851359262
2018-12-24,0.02725345666114994
2018-12-25,0.26302977051635734
2018-12-26,5.1810385007027655
2018-12-27,16.053325591653316
2018-12-28,0.00100742974697557
2018-12-29,0.5221228136902878
2018-12-30,1.090564945415619
2018-12-31,0.4515362796221061
2019-01-01,0.01162712303959528
2019-01-02,5.420515263407641
2019-01-03,0.93460125402456
2019-01-04,0.0
2019-01-05,0.0015111446204633548
2019-01-06,0.000503714873487785
2019-01-07,0.02775105874126015
2019-01-08,0.04574817594209299
2019-01-09,0.3516502160225374
2019-01-10,0.8895013186852111
2019-01-11,4.335460312157245
2019-01-12,0.5921935184201166
2019-01-13,0.0
2019-01-14,0.0
2019-01-15,0.32449070340498276
2019-01-16,0.13369211165461148
2019-01-17,0.0
2019-01-18,0.06852087576511201
2019-01-19,0.08449306875206881
2019-01-20,0.0
2019-01-21,0.0
2019-01-22,0.0
2019-01-23,0.1664075649784518
2019-01-24,0.0
2019-01-25,0.0
2019-01-26,0.8806477733068717
2019-01-27,0.9729117600366439
2019-01-28,0.021255778425794996
2019-01-29,0.0
2019-01-30,0.0
2019-01-31,0.8925192441767823
2019-02-01,0.47930217580477885
2019-02-02,1.0970271287116633
2019-02-03,0.13711011700336967
2019-02-04,0.6999481228473567
2019-02-05,0.24748696903519568
2019-02-06,0.37666450041829286
2019-02-07,0.4877129939429416
2019-02-08,2.7648005404839155
2019-02-09,0.49002724834607103
2019-02-10,1.1557953173790168
2019-02-11,0.7886206465351207
2019-02-12,0.5182795725039039
2019-02-13,0.0
2019-02-14,0.032718854198387944
2019-02-15,0.0
2019-02-16,0.0
2019-02-17,0.10002424150901885
2019-02-18,0.0
2019-02-19,1.0988840244989435
2019-02-20,0.419452569185987
2019-02-21,0.0
2019-02-22,1.6978474024286598
2019-02-23,0.6392693032239769
2019-02-24,0.0
2019-02-25,0.0
2019-02-26,0.08850287614986567
2019-02-27,0.04884059724001516
2019-02-28,2.3078200528527257
2019-03-01,0.7481603480785509
2019-03-02,0.748452808854696
2019-03-03,1.149747712623222
2019-03-04,0.054420057911110487
2019-03-05,0.0
2019-03-06,0.0
2019-03-07,0.0
2019-03-08,0.05129770740286103
2019-03-09,0.2548334710260408
2019-03-10,0.1520343045754791
2019-03-11,0.43865414272543246
2019-03-12,2.3452921967519873
2019-03-13,5.545587091743918
2019-03-14,0.0
2019-03-15,0.1623182727282743
2019-03-16,0.0
2019-03-17,0.0
2019-03-18,0.0
2019-03-19,0.0
2019-03-20,0.516350628369899
2019-03-21,0.48783647621848897
2019-03-22,0.0
2019-03-23,0.8036199190048552
2019-03-24,0.1616217601228774
2019-03-25,0.08743596447118783
2019-03-26,0.0
2019-03-27,0.0
2019-03-28,0.23257646844795166
2019-03-29,0.007964769969464783
2019-03-30,0.030489870303256724
2019-03-31,0.0
2019-04-01,0.7249475975458578
2019-04-02,0.0
2019-04-03,1.5762022733127703
2019-04-04,0.4855289430737133
2019-04-05,0.02725345666114994
2019-04-06,5.888495452724636
2019-04-07,14.032517973057114
2019-04-08,0.0
2019-04-09,0.0
2019-04-10,0.0
2019-04-11,0.0
2019-04-12,0.0
2019-04-13,5.950808782620514
2019-04-14,0.007638907442088535
2019-04-15,0.0
2019-04-16,0.009466765772208265
2019-04-17,0.9856325817214484
2019-04-18,24.36293280620521
2019-04-19,0.008251847997629314
2019-04-20,0.0
2019-04-21,0.0
2019-04-22,0.0336920274634384
2019-04-23,3.0863230016479823
2019-04-24,33.91538731570548
2019-04-25,0.0
2019-04-26,0.0
2019-04-27,0.0
2019-04-28,0.0
2019-04-29,0.2387808929359802
2019-04-30,1.7087611747916542
2019-05-01,1.2121498759544018
2019-05-02,9.908996339389146
2019-05-03,38.038481833142825
2019-05-04,12.941812190577956
2019-05-05,0.2990303337454278
2019-05-06,12.54382406856992
2019-05-07,2.317349647413599
2019-05-08,8.088660573400045
2019-05-09,6.301752456215813
2019-05-10,2.926662241292113
2019-05-11,3.450584575705381
2019-05-12,0.0
2019-05-13,0.004060160430196465
2019-05-14,1.105680571637189
2019-05-15,0.8118067986090376
2019-05-16,0.153473157361547
2019-05-17,1.1344833631337887
2019-05-18,3.7220357386426883
2019-05-19,0.21063436800219792
2019-05-20,1.1667037906622773
2019-05-21,0.538301169431053
2019-05-22,0.351051778235423
2019-05-23,0.626842749498603
2019-05-24,1.2534823789132647
2019-05-25,1.31745983179431
2019-05-26,0.9626846207077997
2019-05-27,0.1341970954420338
2019-05-28,0.15076726435213195
2019-05-29,0.28960650536255345
2019-05-30,4.739928082445192
2019-05-31,5.118846277216536
2019-06-01,0.0
2019-06-02,0.10673138433233127
2019-06-03,1.1289171961269084
2019-06-04,20.69491419597547
2019-06-05,0.5827438723550002
2019-06-06,0.9266233340141072
2019-06-07,0.0
2019-06-08,0.0
2019-06-09,0.0
2019-06-10,21.626612628411394
2019-06-11,10.437311300577756
2019-06-12,0.0
2019-06-13,0.0
2019-06-14,0.0
2019-06-15,0.07843710093015364
2019-06-16,0.09349109305047631
2019-06-17,2.629676729297016
2019-06-18,0.0
2019-06-19,1.53048431195727
2019-06-20,0.40455919905488047
2019-06-21,0.0049563959490499625
2019-06-22,6.839484880209776
2019-06-23,0.8678355992423546
2019-06-24,0.903505102490004
2019-06-25,22.02600706811422
2019-06-26,1.9266146750405617
2019-06-27,2.18242651914613
2019-06-28,1.0384470317097079
2019-06-29,0.31324382331291567
2019-06-30,2.5505194786284275
2019-07-01,0.0
2019-07-02,0.2262233213820322
2019-07-03,0.8607225575878279
2019-07-04,0.5289226081115668
2019-07-05,0.5452914116649404
2019-07-06,0.01454251156981581
2019-07-07,0.3192656612083915
2019-07-08,0.3200258961531797
2019-07-09,0.02725345666114994
2019-07-10,0.7795367198773019
2019-07-11,0.46339538317038037
2019-07-12,0.13291219330089285
2019-07-13,0.01778669088894167
2019-07-14,0.0
2019-07-15,0.25697493575641905
2019-07-16,0.2847115357059223
2019-07-17,0.10978028446969672
2019-07-18,0.0
2019-07-19,0.0
2019-07-20,0.0
2019-07-21,0.0
2019-07-22,0.0
2019-07-23,0.054789141751512296
2019-07-24,0.0
2019-07-25,0.0
2019-07-26,0.0
2019-07-27,0.0
2019-07-28,0.02998615542976894
2019-07-29,0.0
2019-07-30,0.0
2019-07-31,0.02998615542976894
2019-08-01,0.02725345666114994
2019-08-02,0.05997231085953788
2019-08-03,0.6317309391039588
2019-08-04,2.1077523381035577
2019-08-05,0.7373449877306719
2019-08-06,0.037913197139006025
2019-08-07,0.037708883620492434
2019-08-08,0.13383738086557176
2019-08-09,0.0
2019-08-10,0.0
2019-08-11,0.0
2019-08-12,0.0
2019-08-13,0.0
2019-08-14,0.23344655206550627
2019-08-15,5.596655033050429
2019-08-16,0.3068099151088694
2019-08-17,0.0
2019-08-18,0.0
2019-08-19,0.0
2019-08-20,0.0
2019-08-21,0.0
2019-08-22,0.0
2019-08-23,0.8298003859286188
2019-08-24,13.916628486298919
2019-08-25,6.695867954249059
2019-08-26,0.0
2019-08-27,0.0687812033952887
2019-08-28,0.2555368368924287
2019-08-29,0.10375738824716214
2019-08-30,0.11308577630840443
2019-08-31,0.3293369704071661
2019-09-01,1.211784475078365
2019-09-02,0.3784084674591661
2019-09-03,0.07584228409093115
2019-09-04,0.0027326987686190018
2019-09-05,0.29928720203496445
2019-09-06,0.1319637922281459
2019-09-07,0.050593073984326525
2019-09-08,0.02725345666114994
2019-09-09,0.26751828649492554
2019-09-10,0.47593014361549646
2019-09-11,4.242718436897198
2019-09-12,1.3925549360194336
2019-09-13,0.06730538731063092
2019-09-14,0.031313617091346405
2019-09-15,0.0
2019-09-16,0.0
2019-09-17,0.02998615542976894
2019-09-18,0.0
2019-09-19,0.0015111446204633548
2019-09-20,0.7199922324339088
2019-09-21,0.34911424031211846
2019-09-22,0.2296449867081762
2019-09-23,0.15800074497683803
2019-09-24,0.06964843433961945
2019-09-25,0.13522129368193178
2019-09-26,0.12524151200694666
2019-09-27,0.21754302532524203
2019-09-28,0.4791392245228091
2019-09-29,1.7461064307291703
2019-09-30,1.3930724082912982
2019-10-01,0.9699095058545892
2019-10-02,0.5692419566033042
2019-10-03,0.03798350263330423
2019-10-04,0.02725345666114994
2019-10-05,0.0
2019-10-06,0.0
2019-10-07,7.596272557696815
2019-10-08,0.0
2019-10-09,0.24833683099262616
2019-10-10,0.1695602655984225
2019-10-11,4.425110065512972
2019-10-12,0.0050757457976075455
2019-10-13,3.5879089324624416
2019-10-14,0.7000935181961878
2019-10-15,0.6163101043010772
2019-10-16,19.47436779765958
2019-10-17,0.0
2019-10-18,0.0
2019-10-19,0.0
2019-10-20,0.0
2019-10-21,2.7726604935686257
2019-10-22,0.0
2019-10-23,0.0
2019-10-24,4.897785136595837
2019-10-25,18.784607190417386
2019-10-26,0.0
2019-10-27,0.0
2019-10-28,0.0
2019-10-29,2.5513119131199606
2019-10-30,18.37823267773143
2019-10-31,0.0
2019-11-01,0.0
2019-11-02,0.5654814500398668
2019-11-03,0.027757171534637724
2019-11-04,0.05562600885730012
2019-11-05,0.2741436972798335
2019-11-06,0.9553863957854583
2019-11-07,1.6975784334737083
2019-11-08,3.1854650644301263
2019-11-09,0.48249120896135655
2019-11-10,0.0
2019-11-11,1.3332059645817897
2019-11-12,1.1519830359677035
2019-11-13,1.0721758314946057
2019-11-14,2.0829486684729765
2019-11-15,0.0
2019-11-16,0.0
2019-11-17,0.11896837402726516
2019-11-18,0.0
2019-11-19,0.0
2019-11-20,0.06420850848156215
2019-11-21,0.17146818748629483
2019-11-22,0.30931672092371854
2019-11-23,0.0
2019-11-24,0.0013274616615774637
2019-11-25,0.1639346885622393
2019-11-26,0.8034669684206234
2019-11-27,0.18848224259067323
2019-11-28,3.0239942976754866
2019-11-29,2.9247680153224342
2019-11-30,0.5933658173547796
2019-12-01,0.0
2019-12-02,0.0
2019-12-03,0.0
2019-12-04,0.0
2019-12-05,0.0
2019-12-06,0.0
2019-12-07,0.0
2019-12-08,0.0
2019-12-09,0.05674840458533169
2019-12-10,3.0705759099439582
2019-12-11,0.0
2019-12-12,0.0
2019-12-13,0.0
2019-12-14,0.0
2019-12-15,0.0
2019-12-16,0.06496234028164237
2019-12-17,0.0
2019-12-18,0.0
2019-12-19,0.0
2019-12-20,0.4467565152943665
2019-12-21,0.0
2019-12-22,0.0
2019-12-23,0.0
2019-12-24,0.0
2019-12-25,0.0027326987686190018
2019-12-26,0.49599057279521847
2019-12-27,3.190069990429605
2019-12-28,1.3451985760149887
2019-12-29,0.10305259738779303
2019-12-30,0.0
2019-12-31,0.0
