basin_id,ensemble_nse,ensemble_mse,ensemble_rmse,ensemble_beta_kg,num_models
01022500,0.8981016209276658,0.5016947806136146,0.708304158263676,1.040836622844802,8
01031500,0.8851624326916618,1.0787850990862626,1.038645800591454,1.0847967224267598,8
01047000,0.8713651688894992,1.372818878846106,1.1716735376571863,0.964695724590444,8
01052500,0.838731308907068,2.1120224103495944,1.4532798802534888,1.0412818805664579,8
01054200,0.6951928920893948,8.983404186448617,2.997232754800437,1.044453650232076,8
01055000,0.6893364073943232,5.498799747621844,2.3449519712825344,1.0151875724450186,8
01057000,0.8374690801980254,1.1940927549040248,1.0927455124154135,1.0048360864737647,8
01073000,0.8757519600543494,0.8180034300178167,0.9044354205900036,0.932466869823676,8
01078000,0.8676967922645947,0.7943226182684159,0.8912477872446113,0.9425256022832725,8
01123000,0.7920383674998284,1.0237822953112827,1.011821276368155,0.9716282655063972,8
01134500,0.7741064192901518,1.856768816493358,1.3626330454283566,0.9155824254354445,8
01137500,0.7477112346272674,2.5654904475229303,1.6017148458832897,1.084730478443481,8
01139000,0.8101507389625214,0.6761878078508801,0.8223063953605615,0.9611017412332234,8
01139800,0.7142617255512371,1.0420065071721163,1.0207871997493485,0.9228724918744678,8
01142500,0.7777514844893221,1.09732470343553,1.0475326741613027,0.9520152915776325,8
01144000,0.8581826367635121,0.6971431702867367,0.8349509987338998,0.9947314503129503,8
01162500,0.8437005249397314,0.7947989349936816,0.8915149662196825,1.0062615371739478,8
01169000,0.7739683952901735,2.0337173026179394,1.4260846057011973,1.0974172670201834,8
01170100,0.737381940839529,2.1227646114218115,1.4569710400079376,1.090560288155586,8
01181000,0.7831511058572878,1.9884572246985666,1.4101266697352286,1.034424902670389,8
01187300,0.7519919743880203,3.325492646564917,1.8235933336588277,1.0087924234784111,8
01195100,0.7152499160364019,1.6957467427825288,1.3022084098878062,1.0299829457421932,8
01333000,0.8159686972665807,0.8668715979865578,0.9310593955202632,1.0307805618326313,8
01350000,0.6673722564195368,4.742178247296341,2.177654299308396,1.0251764778071828,8
01350080,0.6550072918480693,2.432065573451121,1.5595081190718825,0.9606103687909217,8
01350140,0.5830247313530121,2.997426887276121,1.7313078545643235,0.9688707269345207,8
01365000,0.7074467959377149,3.3602638877116227,1.8331022578436869,0.9613771096377068,8
01411300,0.7288772170265847,0.4617648455286868,0.6795328141662379,0.8251555598859696,8
01413500,0.7168657596622743,2.402496808861209,1.549998970600048,0.9372152512102117,8
01414500,0.6496747313262052,3.4652104875622944,1.861507584610467,0.9085994709838748,8
01415000,0.7356245119097194,1.5797196588167046,1.2568689903155001,1.036104635749598,8
01423000,0.8082473256442154,1.196652126244193,1.093915959406477,0.9981800382177654,8
01434025,0.6252827396896503,6.893940501738625,2.6256314481927245,0.9447164944757651,8
01435000,0.6793036049835296,6.063489796910522,2.4624154395451883,0.926983333910172,8
01439500,0.8103820583533969,0.9285612895620192,0.9636188507714133,0.8928763282113142,8
01440000,0.8150776949548197,0.8810213457991096,0.9386273732419642,0.8667442086850451,8
01440400,0.7761648488714123,1.5499917561852796,1.2449866489988073,0.8874251843979551,8
01451800,0.7672890274754495,1.7056666596650696,1.3060117379507237,0.9190856023962561,8
01466500,0.6448101264978474,0.07979234495882678,0.2824753882355537,0.9559799277874003,8
01484100,0.6105411163428176,0.8005793600679776,0.8947510045079455,0.9118085668277992,8
01487000,0.8537343327714273,0.20080757791796883,0.44811558544416735,1.0105071135384842,8
01491000,0.7958475812732525,0.8976908604002692,0.9474654929865621,1.0291429100631388,8
01510000,0.7698106263193517,1.533800885413554,1.2384671515278691,0.994200608798544,8
01516500,0.5027903464403385,3.7652712404631505,1.9404306842717032,1.0095065368538516,8
01518862,0.6290747955575079,2.2405440439638444,1.4968446960068518,0.9278530527816756,8
01532000,0.5152297170385847,5.44044584398975,2.3324763329967038,0.973049251063891,8
01539000,0.8455131853811616,0.9875949618322061,0.9937781250521698,0.9324140410319539,8
01542810,0.7392837242334065,2.323553348378325,1.5243206186292715,1.0243969050840223,8
01543000,0.7929106953010945,1.3249369804222888,1.151059069041328,0.9916190931351051,8
01543500,0.8309833977523438,0.9003060093533942,0.9488445654338724,0.9935248928216148,8
01544500,0.7676761784021934,1.7374845224276612,1.3181367616555049,0.9256620595336881,8
01545600,0.7899269114586065,1.2235918578474931,1.1061608643626357,0.9262673489392662,8
01547700,0.6968699271597292,1.854550951237033,1.3618189862228507,0.9699138078772851,8
01548500,0.7932283217792053,1.0244435176080966,1.0121479721898852,0.8572170740689979,8
01549500,0.6516050129422539,3.074973768583649,1.753560312217304,0.8149253285477646,8
01550000,0.6614096453137079,3.2714069498249088,1.8087031126818212,0.8196128089199421,8
01552000,0.7831553266759801,1.7091528543879089,1.3073457287144472,0.9218026914459307,8
01552500,0.6520235171688119,3.981719285337446,1.995424587735013,0.8828149540695284,8
01557500,0.6792485800448047,1.7621428268028692,1.327457278711021,0.8763843020810905,8
01567500,0.5846570734758503,2.882838207995553,1.6978922839790376,0.8734189428148594,8
01568000,0.7712466858502384,1.5531592941629426,1.2462581169897922,0.958791901003442,8
01580000,0.7370787851505616,0.6493439469555448,0.8058188052878542,0.7687958254954125,8
01583500,0.7191025706302072,0.5040104959353452,0.70993696617048,0.7909654952541585,8
01586610,0.7385643145094875,0.8424624944293329,0.9178575567207217,0.7791538391496692,8
01591400,0.7091590568131219,1.1385038057387413,1.0670069379993465,0.8743044327244535,8
01594950,0.7090510766505413,2.4173947191645695,1.5547973241437514,1.029420533138484,8
01596500,0.7054248968577868,2.0449570554260554,1.4300199493105177,0.9742630849174309,8
01605500,0.8012733889921325,0.7723322824157464,0.878824375182975,1.1202036399951942,8
01606500,0.7707568141012379,1.1549235877586905,1.0746737122302241,0.9620017235493391,8
01632000,0.530201136051434,4.476731876623805,2.1158288864234285,0.9559477861790334,8
01632900,0.5742465853356247,1.5147740455321284,1.2307615713582092,0.9240950385152404,8
01634500,0.5631728968828903,2.8279690812781038,1.681656647855948,0.886437826170001,8
01638480,0.6672877134108072,1.7860769855600036,1.3364419125274407,0.930334660851882,8
01639500,0.7713590718300269,0.9169341231509843,0.9575667721631658,0.8266989087152679,8
01644000,0.8173700009037994,0.7014490972853137,0.837525580078193,0.8961700402580578,8
01664000,0.7794443109551841,0.9957287676992141,0.997862098538277,0.845042103075382,8
01666500,0.5553347068305141,3.7984042162285236,1.9489495160800148,0.7722816154313175,8
01667500,0.7057020939112264,2.1956074941200545,1.481758244154577,0.8329946901676959,8
01669000,0.7821487011179981,0.2978493639776175,0.5457557731967821,0.8645236007022521,8
01669520,0.8062004860328974,0.6336176262856145,0.7960010215355345,0.91879418114343,8
02011400,0.841143283785948,0.5375499280073576,0.73317796475846,1.1538287620846461,8
02013000,0.7902882239603123,1.0745033566034492,1.0365825372846338,0.908464082490821,8
02014000,0.8214085032234477,0.6272182057337694,0.7919710889507074,0.9310190670190172,8
02015700,0.7712291160134449,1.4439613023944855,1.2016494091017087,1.0429283399703289,8
02016000,0.8568735651817012,0.738208476803469,0.8591905939915014,1.0465243022031336,8
02017500,0.7971527826951297,0.9106409028617544,0.9542750666667102,0.7956872128174454,8
02018000,0.8368120349127064,0.7699290569922014,0.8774560142777537,0.8643830464871335,8
02027000,0.6000942086357713,3.3912489815714735,1.84153440955402,0.7743954471140326,8
02027500,0.4882759774457939,7.675958917960687,2.77055209623654,0.7349718821083171,8
02028500,0.6191454855655822,2.917473735996406,1.7080613970219003,0.8007311625241365,8
02038850,0.5247568670636598,2.431979149374772,1.559480410064446,0.7729654879362597,8
02046000,0.5808759133603896,1.2076301135536895,1.0989222509139076,1.0120349041156935,8
02051500,0.8366631135790283,0.49530665112922223,0.7037802577006705,0.8864483515961663,8
02053200,0.8015181511554101,0.9791880175906665,0.9895392956273472,1.0494799094564906,8
02053800,0.7110059596644855,0.8928778033756652,0.9449221149786183,0.9263160653169817,8
02055100,0.5977390380339029,1.422048448558398,1.1924967289508168,0.8882628207741495,8
02056900,0.7840828540957412,0.6843549264580024,0.8272574728934169,0.9040309693640953,8
02059500,0.6979814600908613,1.0438645253892012,1.0216968852791914,0.8612787602043037,8
02064000,0.5840802522628714,3.303092201975077,1.817441113757218,0.6864149305450504,8
02065500,0.6422991345748589,1.5640903371299175,1.25063597306727,0.7282453877535571,8
02069700,0.7204772550459531,0.6186645562872595,0.7865523226634447,0.8598837834096502,8
02070000,0.77170399971664,0.6022992269381381,0.7760793947387974,0.8985710160083702,8
02074500,0.7587128153884481,1.5870400770419157,1.2597777887555868,0.9346292631503105,8
02077200,0.497321657914525,9.121481301605387,3.020179018138724,0.9431151825616308,8
02081500,0.8061555041482534,1.6840375528217943,1.2977047248206328,0.9595698279525373,8
02082950,0.65232907830114,2.619829154886444,1.6185886305316877,0.8772459401491668,8
02092500,0.82774471124646,1.034409620497981,1.0170593003841915,0.9868350665156138,8
02096846,0.7041394644922576,2.515925394452199,1.5861668873268662,0.9488643487409029,8
02102908,0.5031225253548431,0.7036110269557754,0.8388152519808968,0.7156429056422824,8
02108000,0.825648932503945,0.8865775127062966,0.9415824513585077,0.9254868555166139,8
02111180,0.6662305874381405,3.746234881715896,1.9355192796032532,0.8482724505879564,8
02111500,0.6705270240654244,1.2269161933404433,1.1076624907165735,0.9147159012699039,8
02112120,0.6810493428150028,1.109119720251205,1.0531475301453284,0.8767978845479413,8
02112360,0.5731108532308912,0.8698761607380875,0.9326715181338431,0.801343467729106,8
02118500,0.7332520355650232,1.0257748433626321,1.012805432135231,0.8468336973957021,8
02125000,0.6904058502209904,4.225568522245067,2.0556187687032503,0.8330200163149398,8
02128000,0.590001325841482,4.87495710347484,2.2079305024105356,0.8638645662461214,8
02137727,0.8165345506619053,1.2035106790257604,1.097046343153178,0.8332638178746624,8
02140991,0.7942142107269459,1.6693373621436232,1.292028390610525,0.8442046164285223,8
02143000,0.6956995575924962,1.7069000344023495,1.3064838439117223,0.8271214444358549,8
02143040,0.7468806939307269,1.804739474274217,1.3434059231201183,0.9233837353669451,8
02149000,0.7693171980628111,0.7900831957266045,0.8888662417521572,0.8234626722304021,8
02152100,0.7393893473671171,0.990628902846394,0.9953034225031049,0.9753136767432602,8
02177000,0.8826049836701435,0.7297095738311377,0.8542303985641916,0.9216045239661846,8
02178400,0.8375335589919457,1.3791383149989316,1.1743671976851753,0.9269162095095816,8
02193340,0.6303284586760879,2.6126832744976745,1.616379681416985,0.9293726252805411,8
02196000,0.731766699640729,1.2324985760324432,1.1101795242358072,0.7252967568128806,8
02198100,0.5624644256869002,4.248659882234497,2.0612277608829395,0.7790772372723506,8
02202600,0.7080187490392874,1.3989044174535847,1.1827528978842472,0.8013034508284538,8
02212600,0.7877136267634148,1.7448337026582996,1.3209215353904635,0.8195705680295905,8
02215100,0.7642489811443104,1.1023657216464091,1.049936055979796,0.6638923995844138,8
02216180,0.7174900454833404,2.3210359351421093,1.523494645590233,0.7670153971780914,8
02221525,0.860694533079335,0.485406867535665,0.6967114664878604,0.7618301030506818,8
02231000,0.7947340665920068,0.4986434926031855,0.7061469341455683,0.7447431052380032,8
02245500,0.5655996125848741,1.838215224291586,1.3558079599602542,0.9145496041194949,8
02246000,0.7442311933684199,1.5568925055435399,1.2477549861825998,0.806731818634287,8
02296500,0.7652635785866491,0.4448091441852715,0.6669401353834327,0.8858623051972061,8
02297155,0.46369339130853393,1.9025124750707816,1.3793159446155843,1.041178779373565,8
02297310,0.6961092420043117,1.1684267171677558,1.0809378877473745,0.9570852115416855,8
02298123,0.6708743773168855,0.7217443456729928,0.8495553811688752,0.7224648805075575,8
02298608,0.8010432152856659,2.0144778598474473,1.4193230287173697,0.7351326402572202,8
02299950,0.6052894225659826,4.114087302363489,2.028321301560354,0.8228552878076635,8
02300700,0.5575580707337974,7.838633536408216,2.7997559780109795,0.7421896530199064,8
02342933,0.7694363902137444,4.416863880697799,2.1016336218993548,0.9917390137944777,8
02349900,0.7727334614495321,1.6026181853065762,1.265945569646095,0.6937004037337702,8
02350900,0.8629541766030067,0.3462133353180945,0.5883989593108527,0.7505837514362976,8
02361000,0.6930546756192185,3.0050181320486082,1.7334988122432067,0.7974875762664979,8
02363000,0.8117000609314168,1.2897733959414306,1.1356819079044231,0.8443578752547044,8
02369800,0.7998612215960674,4.941492585734321,2.222946824765343,0.823727121586282,8
02371500,0.8876722214065212,0.566907257064252,0.7529324385788223,0.898757436591094,8
02372250,0.7441250476024479,2.0252634156197664,1.4231174988804567,0.8569771709345337,8
02374500,0.7491462170881115,1.0006094690608223,1.000304688112988,0.9387058059933082,8
02381600,0.5846484642564759,3.175956647974918,1.7821213897978212,0.8518884342336246,8
02384540,0.7062426881626291,6.852656570149854,2.617757928103715,0.9001848358813399,8
02395120,0.742206037927354,2.234821427218912,1.4949319139074233,0.9054641988221355,8
02415000,0.8565380382018171,1.4302063446456819,1.1959123482286158,0.7974049880526505,8
02427250,0.818316662101933,2.124280815678701,1.4574912746492519,0.9222804880101785,8
02430085,0.6888962710418007,4.798610711352182,2.190573146770539,0.8947293919629473,8
02450250,0.8491794823297645,3.5607525569802885,1.8869956430740078,0.9989203102360721,8
02464000,0.8330125086016033,1.8987116180139336,1.3779374506899555,0.8804671858807201,8
02464360,0.7956114568264525,1.2908237916950276,1.1361442653532285,0.802085843164909,8
02465493,0.8654209721220298,0.5450405965150072,0.7382686479290633,0.8267949851468883,8
02469800,0.8645618758326838,1.345121097023725,1.1597935579333614,0.8672243060862618,8
02472000,0.8435154127293131,1.509499711381278,1.2286169913285743,0.8754854654021357,8
02472500,0.8726605617831537,1.031104121772381,1.015432972565093,0.8861064563690138,8
02479155,0.7271941283387034,5.122507709229695,2.2632957626500554,0.9254782013443005,8
02479300,0.8329686656748327,1.4293841643193534,1.1955685527477518,0.8875352353189048,8
02479560,0.8375407679993372,1.4632619312794681,1.2096536410392307,0.9313515864787918,8
02481000,0.762222363058701,5.903812353304377,2.4297761940772196,0.9334162078315598,8
02481510,0.7613287624967086,2.937065428983232,1.7137868680157495,0.9108777494298939,8
03010655,0.7477782522340553,1.3001878885265905,1.1402578166917299,0.9770400611883611,8
03011800,0.7696366533434544,1.3546006546527676,1.163873126527444,1.0296859266446,8
03015500,0.8043629384713455,1.3459179846527682,1.160137054253836,1.0334099667146777,8
03021350,0.6778242672853916,4.39435512630102,2.0962717205317207,1.1267750416787352,8
03026500,0.6312123245345734,2.134117719801828,1.4608619783545016,1.1361278908260832,8
03028000,0.7412076491118363,1.7023704076151482,1.3047491742151625,0.9748692280756218,8
03049000,0.71704761381497,1.0022605426261084,1.0011296332773836,1.0051000852310321,8
03049800,0.44431895085666406,1.652782760779996,1.2856059897106875,0.9195572296188764,8
03050000,0.8395061296333649,1.903366636588886,1.3796255421631212,1.054602812586376,8
03069500,0.8778638512816656,1.6991593458874885,1.3035180650407145,0.9661652238912825,8
03070500,0.848661505579043,1.2241727134395692,1.106423387966636,0.9591127983582994,8
03076600,0.7341145686818599,1.7556500411389768,1.3250094494527112,0.9245447437754583,8
03078000,0.7181193381473969,2.093957804238756,1.4470514172754043,0.9051110736375174,8
03140000,0.7516635318913617,0.7054593890401653,0.8399162988299282,1.0033939115337502,8
03144000,0.7464708115115479,1.5827667737083186,1.2580805911023023,0.8903644743762209,8
03170000,0.8380624796259408,0.24023552827343492,0.4901382746464868,0.9131538777951422,8
03173000,0.8247656941754895,0.6507486836490834,0.8066899550937048,0.9005911230277865,8
03180500,0.8432029974932473,1.925975412512544,1.3877951623033364,1.022806152002914,8
03182500,0.9050558085398868,0.8391402437465361,0.916045983423614,1.0809261305783475,8
03186500,0.8073804075257094,2.653806728798973,1.629050867468224,0.9731656446622854,8
03237280,0.49288610511639874,3.9341530308528303,1.9834699470505799,1.1566148009563846,8
03237500,0.8368447664412952,2.0987992577611916,1.4487233199480125,0.9402762144006213,8
03238500,0.7927058436512849,3.3713763973094473,1.8361308224931707,0.978425381553331,8
03241500,0.7844269975446885,0.6796686024069861,0.8244201613297591,1.032199722935006,8
03280700,0.6341437641643007,3.588139875797436,1.8942386005457275,1.0779323277356483,8
03281500,0.8832931611942015,0.9471774760840018,0.9732304331883594,1.0761088194705624,8
03285000,0.7644584858562063,3.8467213169005734,1.9613060232662758,0.894005963150968,8
03291780,0.7048168917086062,5.65701338345497,2.3784476835648434,0.9917451148584845,8
03338780,0.8456680693585168,1.192664601217687,1.0920918465118614,0.7441316106365147,8
03340800,0.8408255197630019,1.2321985974628118,1.1100444123830415,1.1253087986719006,8
03346000,0.8257484128338367,1.4554247426097795,1.206409856810603,0.9784514916582371,8
03364500,0.8189930393241855,1.3971298703041148,1.182002483205562,1.0979313752116677,8
03366500,0.8557186977487194,1.8849695194235523,1.3729419213584937,1.0786924483479732,8
03368000,0.5985243462377374,9.775691875493557,3.126610285196023,0.9263956153059839,8
03384450,0.6801749215639322,4.682368581907591,2.163878134717293,1.0237886469818829,8
03439000,0.7787816016893032,2.4941451625417925,1.5792862826421916,0.8651839888549545,8
03455500,0.6425029936152564,8.171470122057048,2.8585783393248203,0.8469604427078041,8
03456500,0.7518865418836393,3.2415631839713286,1.800434165408813,0.9212872082945122,8
03460000,0.8314259230490733,1.1035364688832356,1.0504934406664497,0.8894498326866415,8
03463300,0.796962298393392,4.871525792584964,2.2071533233069616,0.7698058643516056,8
03471500,0.7959020826028844,0.8076483573011324,0.8986925821999047,0.9013931307803087,8
03473000,0.8118738290416044,0.6723324128717569,0.8199587873007746,0.8767190453272077,8
03479000,0.6964215265421292,4.27143675195037,2.0667454492390616,0.973708090623486,8
03488000,0.8313586638740031,0.7568866679605383,0.869992337874615,0.9007434427789434,8
03498500,0.8910050576217676,1.045047801726307,1.0222757953342665,1.0024453129092272,8
03500000,0.885858630991954,0.6348638504706702,0.7967834401333088,0.9757821619134845,8
03500240,0.8475841166093975,0.9511790790557718,0.9752841017138401,0.9640950288964736,8
03504000,0.7800003747238156,2.406850568091917,1.551402774295546,1.0037100026649923,8
03574500,0.8470657011557859,4.225600509931361,2.0556265492378136,1.0180264723311312,8
03592718,0.6833676056998479,5.13416714511484,2.2658700635991553,1.0310625599027727,8
03604000,0.7504166822152664,4.108134041600365,2.026853236324812,0.9354224744363806,8
04015330,0.7955921299197578,1.3614189588142283,1.166798593937372,1.0058638737249948,8
04024430,0.7837463821434973,0.4876397651189265,0.6983120828962696,0.9072025656612216,8
04027000,0.8867992588723373,0.2723817803519991,0.5219020792754127,0.9407878593968477,8
04040500,0.8294571688948104,0.3706825386657575,0.6088370378564016,0.9379283031785036,8
04043050,0.8265809306922433,0.7685833371453116,0.8766888485348218,1.0092026090222614,8
04045500,0.8909586545618217,0.09458825944220488,0.3075520434694019,0.9554879126543038,8
04057510,0.8687576483673806,0.09949306315853022,0.3154252100871619,1.0053672683305144,8
04057800,0.7695419276473012,0.5068210104576011,0.7119136257001977,0.8988612190939149,8
04059500,0.867747991550523,0.14519532230427395,0.3810450397318852,0.9781343441206077,8
04063700,0.7458382207638099,0.1697247695044299,0.41197666135890504,0.8228178166158855,8
04074950,0.7656460219715989,0.06190995177823407,0.2488171050756641,0.8675201064087159,8
04105700,0.5124924561549746,0.0812125330606786,0.28497812733730743,0.7982864157768141,8
04115265,0.5722523450805569,0.11937806065776664,0.3455113032272123,0.8242917323052765,8
04122200,0.7687543729382499,0.04603223532678663,0.21455124172744056,0.8873891073738934,8
04122500,0.7695591085921005,0.040752731315752314,0.20187305742904949,0.9036808587418615,8
04127918,0.7833466346672592,0.34713073244374393,0.5891780142229884,0.8962870966782858,8
04127997,0.5360690350876938,0.05015501812696799,0.22395316056481093,0.8526827351039256,8
04161580,0.5389702608345522,0.15260580382592828,0.3906479282242878,0.6901707683838384,8
04185000,0.8268303093308529,0.3330534724940907,0.5771078517002612,0.9105386129547839,8
04196800,0.8039172027884351,0.7284132604711291,0.8534713003207133,1.0806503111872878,8
04197100,0.7537522487124171,0.9018936379342387,0.9496808084478904,1.1420874477229752,8
04197170,0.7292753611804103,2.1344904690813586,1.4609895513251827,1.074713528134417,8
04213000,0.7437197070347867,2.086807970200123,1.4445788210409716,1.0532990419867574,8
04213075,0.47042141315735897,3.668175998442274,1.9152482863697526,0.9837673052038587,8
04216418,0.738374215042202,1.3400360996805387,1.1575992828611024,1.0271489501252509,8
04221000,0.7411779990230138,1.1046029663726165,1.051000935476566,1.024695064017397,8
04224775,0.7208011782124353,1.0767015411685286,1.0376422992382917,0.9319334061553323,8
04233000,0.6094401800557928,1.5075292043293935,1.2278148086455847,0.8867353187668001,8
04256000,0.8430394506728579,1.262317873490802,1.123529204556251,0.9766559815026258,8
04296000,0.8030015817322038,0.8074806367587171,0.8985992637203288,1.1243287088060652,8
05057200,0.36625189333201524,0.14405435578857978,0.3795449325028326,0.7142265750723789,8
05120500,0.5095055740223748,0.03903581294155971,0.19757482871448911,0.7031034209649629,8
05291000,0.515849817842139,0.31757254522225625,0.5635357532776925,0.6802479010595716,8
05362000,0.8037821886417569,0.6024567355397921,0.7761808652239451,0.9151344976460332,8
05393500,0.7929518414875268,1.111759929543746,1.054400270079511,0.8832332704944875,8
05399500,0.698709766365616,1.489222696026155,1.2203371239236127,1.035703411166823,8
05408000,0.6304546829609041,0.10985578265348765,0.3314449918968269,0.8746062793846184,8
05413500,0.6541882868777393,0.1635455113238365,0.40440760542284127,0.9688301791394666,8
05414000,0.5170641346034148,0.4193706427050017,0.6475883281105379,0.9793229134814531,8
05444000,0.6123866918493757,0.831484878147884,0.9118579265148075,0.870183253022779,8
05454000,0.4560394374726602,3.3999669860369246,1.8438999392691906,1.0316446836268258,8
05458000,0.7008297302445141,0.6882277708480096,0.8295949438418785,1.0243536514082097,8
05466500,0.7685298600593541,0.45966938691330195,0.6779892233017439,0.9401720678022242,8
05487980,0.809962522082984,1.7314481464161897,1.3158450313073307,0.8675484221658926,8
05488200,0.6997123939251212,2.675531882013131,1.6357053163736832,0.8872670310146961,8
05489000,0.7094903357613278,1.882818745689449,1.3721584258712436,0.9037258660180036,8
05495000,0.7655199923726591,1.2459620536597729,1.1162267035238733,0.8573561940155193,8
05495500,0.6867644242718112,3.0061081171629094,1.7338131725081884,0.8478181355987934,8
05501000,0.6808206872652194,2.6003658320226006,1.612564985364187,0.8110738175166025,8
05503800,0.6602701042834865,5.380192488997172,2.319524194527225,0.8309158503275601,8
05507600,0.7189579722217606,3.6736228592753353,1.9166697314027097,1.0629990863214627,8
05508805,0.7786569435529167,2.10589265524387,1.4511694095603966,1.0094982563154549,8
05525500,0.8128908464037982,0.7162367224593883,0.8463076996337611,0.9240576272243219,8
05556500,0.6396583883724271,1.3278796948775076,1.1523366239417663,0.86326919508647,8
05584500,0.8138867958007212,0.6779428464828383,0.8233728477930508,0.9848583948038152,8
05591550,0.704996246659555,1.6776806588535045,1.295253125398084,0.9376847552880861,8
05592050,0.7550697656220029,1.95244943095581,1.3973007661043524,0.824961602227023,8
05592575,0.724015791273666,3.868547562585492,1.9668623649318964,0.9213916686884688,8
05593575,0.8157031511464764,3.0840300097681843,1.7561406577402006,0.8698307707341721,8
05593900,0.7224905652750084,2.5514358372547834,1.5973214570820689,0.9150921897702146,8
05595730,0.840534940995949,4.01563438984915,2.0039047856245937,1.001240924374334,8
06221400,0.8767570985473505,0.551783239772494,0.7428211357874074,0.8694580961118115,8
06224000,0.8717295217792126,0.6699087614300745,0.8184795424627757,0.8236466642992231,8
06278300,0.8010271712081813,2.0301535622645193,1.424834573648646,0.8656575139769864,8
06280300,0.8982771104699325,0.39856032002010394,0.6313163391043384,0.979903894905146,8
06289000,0.8757992271396763,0.09398572784794172,0.3065709181379436,0.8398482779534433,8
06291500,0.8379259717281793,0.08454127285556265,0.2907598198781301,0.8613328359334673,8
06311000,0.8274204547523236,0.3142576585167147,0.5605868875711549,0.8711996763731743,8
06332515,0.4412186291779102,0.06421179413934258,0.2534004619951246,0.9372732745721006,8
06339100,0.38307034390899974,0.10140789017632892,0.31844605536311626,1.1533579430268472,8
06344600,0.25933371697045005,0.07932341826552616,0.28164413408684047,1.033703540559915,8
06350000,0.3237684813789624,0.042534276850598005,0.20623839809937916,0.935476202912921,8
06352000,0.3464189053296789,0.047495707501858955,0.21793509928843255,0.9035468585426597,8
06404000,0.5516083708245509,0.19772632291606757,0.4446642811336071,0.5593972951529675,8
06406000,0.4193174051105607,0.056127812283788305,0.23691309014866255,0.6029036993271102,8
06409000,0.3119222877410307,0.01189660338333411,0.10907155166831592,0.9094173579825741,8
06431500,0.6849801483588471,0.021106044241846443,0.1452791941120491,1.049436107062875,8
06440200,0.2717932667389473,0.2707193582890973,0.5203069846629942,0.5418994272802636,8
06447500,0.4772014042863285,0.009865569696204876,0.09932557423043109,0.9943993506964307,8
06470800,0.3441280599664547,0.48086322782416485,0.6934430242090296,0.6631261388271635,8
06477500,0.4884597659808536,0.07614112188909915,0.2759368077823239,0.668727574907372,8
06479215,0.39488431851602324,0.513480121887856,0.7165752730089533,0.6772855936411974,8
06601000,0.5266565635994179,0.33207490924757394,0.5762594114177867,0.7049342992180908,8
06614800,0.8345950323709779,2.579539256765547,1.6060944109128663,0.9805476434984388,8
06622700,0.9215905513954715,0.5475544381302812,0.7399692143125153,0.9137709260036496,8
06623800,0.9588233672494657,0.2910123420925028,0.5394555978878176,1.0501300901950743,8
06632400,0.8982175751440368,0.6627990055520601,0.8141246867354288,0.9980611528234775,8
06746095,0.7561225121385671,11.215366954497126,3.3489351971182013,0.9518431796657315,8
06803510,0.46095230368408924,3.208781842196741,1.7913072997664976,0.7470503547206817,8
06803530,0.5928814869889107,1.2616010530865496,1.1232101553523053,0.7559835876355533,8
06814000,0.7942816418123426,1.0120333009963116,1.0059986585459801,0.8187509032519785,8
06847900,0.16329789694166819,0.011431431830518021,0.10691787423306742,1.4307999980567758,8
06853800,0.5368240696063175,0.15197297637559518,0.3898371151847848,0.5790252912783416,8
06876700,0.6246729576605783,0.3568131003930837,0.5973383466621608,0.6094448171103357,8
06878000,0.6175712252878924,0.7953620117709853,0.8918307080219795,0.8010887482462743,8
06879650,0.3131841562017075,8.423952449659584,2.9024045978566777,0.7684570373679143,8
06885500,0.7939609420767888,1.0038810867557109,1.0019386641684764,0.7868531696184836,8
06888500,0.7502290379904183,2.2624031240830442,1.504128692659988,0.7555515951910149,8
06889200,0.8339033052331392,1.3352981427691404,1.1555510126208797,0.8651560434545749,8
06889500,0.7864839618117491,1.5357812234629666,1.2392664053636597,0.8419068538704207,8
06892000,0.7806654787948084,1.2278191817299267,1.1080700256436533,0.9690524232124593,8
06903400,0.7698969889516418,2.8186457998198846,1.6788823067207197,0.9591383906454319,8
06906800,0.7754175844901883,4.567052843138096,2.1370664105586648,0.9085084060254643,8
06910800,0.8264622366648208,1.7374106170218453,1.3181087273141945,1.0445453478334625,8
06911900,0.8226993139501142,2.07909646422852,1.44190723149186,1.0405976288007481,8
06917000,0.78805637102959,2.4755390442156133,1.5733845824259285,0.9969185190891062,8
06918460,0.8388451245205623,0.9928787632558935,0.9964330199546247,0.8227018230391773,8
06919500,0.8822347250453293,0.9615743551200617,0.9805989777274203,1.0969241174379283,8
06921070,0.7449289945932204,2.802368439755212,1.6740276102129297,0.848551447459596,8
06921200,0.6910859739215574,5.005012573480888,2.237188542229038,0.8161957298242605,8
07057500,0.6603990321606725,0.9944857064156606,0.9972390417626361,0.6771875360934922,8
07060710,0.6423533121435977,1.6527696946520445,1.28560090800063,1.4836190208773237,8
07066000,0.6274568904910351,1.8259545850606718,1.351278870204323,0.7735072996214231,8
07083000,0.8786999785357135,0.5560705456043158,0.7457013783038863,0.9096067613662793,8
07142300,0.3345175888464511,0.015625605088956874,0.12500242033239545,0.8021863848857068,8
07145700,0.6496141321251664,1.8942114455537566,1.3763035441187226,0.742204200876546,8
07167500,0.5063182527178338,8.73265504129732,2.9551066040495595,0.8689857451864205,8
07180500,0.7077211075482228,1.9855746198908075,1.4091041905731483,0.8889744864699554,8
07184000,0.73999635406983,8.00236242764413,2.8288447160712322,1.0285668404688377,8
07195800,0.6353771754407554,2.311915315807875,1.520498377443355,0.8101157084459503,8
07196900,0.5310740433429859,8.965289582223901,2.994209341750156,0.9130475696183988,8
07197000,0.8102657622437968,1.6039317296935574,1.266464263093735,0.836888721701542,8
07208500,0.5839648470778072,0.07286366241909104,0.269932699795877,0.9083667842555939,8
07261000,0.5397170215486355,4.26881410479362,2.0661108645940613,0.8372832828409577,8
07263295,0.7673690879735338,2.836394573789125,1.6841599014906883,1.1188148985546968,8
07291000,0.616965462958712,8.037417446688735,2.8350339410117713,0.9889068904290899,8
07299670,0.08016869761604539,0.7168687003700672,0.8466809909110203,0.8756578596021203,8
07301410,0.3119344412455404,0.006887125702292599,0.08298870828186566,0.9886752680460394,8
07315200,0.5710191655439323,1.3377562743963967,1.1566141423985774,0.7278284736560173,8
07315700,0.5801371195992285,2.1154450173688333,1.4544569493006088,0.542514012300695,8
07335700,0.6312676177893933,17.320443526400794,4.1617836952922955,0.8064773868197882,8
07340300,0.6261724951358879,11.187500817231113,3.3447721622303535,0.9661942867999813,8
07346045,0.7875626015144103,0.5598951642675126,0.7482614277560434,0.7718848807762949,8
07359610,0.6338828086352468,11.226127876499943,3.3505414303512118,0.9392803662722515,8
07362100,0.815387611585372,2.1071491700239084,1.4516022768044656,1.025050871228904,8
07362587,0.5644705399400327,18.611587491490212,4.314114914033957,0.9725602941342226,8
07375000,0.6804158716084339,7.432261456399491,2.7262174264719774,0.7626840335649856,8
08013000,0.7428741556367722,3.1504524460253767,1.774951392581041,0.7664478214961256,8
08014500,0.7973256956519286,1.4361425755262964,1.198391661989642,0.802675294720453,8
08023080,0.8281184215310549,3.3500129047808813,1.8303040470864071,1.1392092185680391,8
08050800,0.3915447876877788,10.539458400215825,3.2464532031458306,0.7444615019407079,8
08066200,0.6492598925027493,10.46263959536444,3.234600376455249,0.8435186818462315,8
08066300,0.6693766889677836,2.377117302620186,1.5417902913886137,0.8212112531883383,8
08070000,0.7002480639289114,3.842786282664766,1.960302599769935,0.8230692628204561,8
08070200,0.756736084635971,2.2662157765444726,1.5053955548441322,0.8345903656284994,8
08082700,-0.16712660588322725,0.5064364069228081,0.7116434549146139,1.250246146652566,8
08086212,0.5398518052022232,0.52730252670255,0.7261559933668178,0.6378473377779239,8
08086290,0.6245400509925961,0.3838349008895898,0.6195441072995448,0.9657818771764503,8
08101000,0.7123384774878321,0.8765700683367187,0.936253207383942,0.8641980939297151,8
08103900,0.5999540664750256,0.8049630318288938,0.8971973204534741,0.9223921212613472,8
08104900,0.725996552895475,0.8601106531699165,0.9274215078215065,0.7491745834187877,8
08109700,0.39131232729398757,1.0432022107579468,1.0213727090332632,1.2881970091762636,8
08150800,0.5184587748631179,0.4266902612433203,0.6532153253279659,1.6424264145844463,8
08158700,0.5083238984119409,1.309432097033108,1.1443041977695914,0.8540900779839534,8
08158810,0.41733582099385735,3.0689056825298033,1.7518292389755925,0.8453612982384019,8
08164300,0.8397635572172736,1.442082446657288,1.2008673726341672,1.1015567487876305,8
08164600,0.6847620409776347,7.548730587458189,2.7474953298337357,0.9553107444559166,8
08165300,-0.02725399474909418,0.6401256027512491,0.8000784978683336,1.0795321335876045,8
08171300,0.7730010456021065,0.7574921310920404,0.870340238695213,0.8401052296792421,8
08175000,0.6779442132050535,1.165134729936188,1.0794140678795083,0.7978613438147596,8
08176900,0.49213743731500703,1.954705961647446,1.3981079935568088,0.9588328260731956,8
08178880,0.28709323748041093,1.1343028743358172,1.0650365600935103,0.8583719207840861,8
08189500,0.7180095265147202,0.41716048092058816,0.6458796179789142,0.7930154284387138,8
08190000,0.6462083270535655,0.6244816050261366,0.7902414852601302,0.8005387739422608,8
08190500,0.43467946974228,0.6603311653731411,0.8126076331004657,1.0495573098676434,8
08194200,0.337760800064821,0.05631596012815351,0.23730983993116153,1.0670531396482847,8
08195000,0.800430836900843,0.45979619803362937,0.6780827368644843,0.6488664268724827,8
08196000,0.6129515018675512,0.8612221825224418,0.9280205722517372,0.6555696397166368,8
08198500,0.46711717676677833,0.9204145404304335,0.9593823744630884,1.451382472213712,8
08200000,0.683529225672246,1.872077333961244,1.3682387708149641,0.6465997804860483,8
08202700,0.42720813197722596,0.9108879442785934,0.9544044972015762,4.862689173383152,8
08267500,0.7664144080388183,0.38619069007385964,0.6214424269985592,1.000457642755269,8
08269000,0.7781034707738482,0.1214452359575808,0.34848993666615513,1.0481923464161698,8
08271000,0.8276170678379586,0.4469418321265307,0.6685370835836488,0.9435274876165123,8
08324000,0.823856667697842,0.009473673584097633,0.09733279809035407,1.0806710399696067,8
08377900,0.777986053778306,0.35287233909474236,0.5940305876760408,1.1118327377072392,8
08378500,0.7782862734625062,0.1889239479651407,0.4346538254348404,1.028263062665331,8
08380500,0.5348688274221999,0.19277811487500043,0.4390650462915494,0.9760355906213585,8
09035800,0.8433684677163974,0.3946886412642063,0.6282425019562161,0.774908701570139,8
09035900,0.9456918492392219,0.19561931848431258,0.44228872751214515,0.958732307087401,8
09047700,0.7595922184718444,0.3287514669790824,0.5733685263241107,0.8827375180638534,8
09065500,0.9115998665688587,1.0808849761378057,1.039656181695567,0.9686162385796987,8
09066000,0.9395468966545801,0.4170159853469739,0.6457677487665159,0.957246826029247,8
09066200,0.9233903552766941,0.8320549450142383,0.9121704583104181,0.9364572669003779,8
09066300,0.9085724308636871,0.3135052126925604,0.5599153620794489,1.0195221280704598,8
09081600,0.937382019289323,0.4162960553766552,0.6452100862328914,1.0046769103036974,8
09107000,0.927348972442797,0.10027392895570095,0.31666058952086373,0.9612101154444113,8
09210500,0.8032172744308957,0.0599204423079396,0.24478652395084907,1.0551196962126193,8
09223000,0.944769157406337,0.08252493691444052,0.2872715386432156,1.0519321179950831,8
09306242,0.26615548481413387,0.006762123028307104,0.0822321289296775,0.7647401610974105,8
09312600,0.8781999262074901,0.051741035379175356,0.22746655881508243,1.00252706333194,8
09352900,0.8832302832101718,0.7867994088228905,0.8870171412226995,1.0681548050209995,8
09378170,0.7338058448617276,0.07445396866641302,0.2728625453711319,1.0272531886239347,8
09386900,0.13288099663115904,0.21210770795686032,0.4605515258435915,0.544385031033731,8
09404450,0.7810081811620448,0.008289302082568405,0.09104560441102254,0.8813908019495789,8
09430600,0.5644920416159935,0.7627136438710526,0.8733347833855312,0.6992106033754879,8
09447800,0.20990002780404204,0.29081389135740404,0.5392716304029019,0.6155878415072984,8
09484600,0.3035984716710063,0.002301899572271831,0.04797811555565549,1.9316442981239013,8
09492400,0.7551476421285366,0.33893863867905283,0.5821843682881332,0.8133532741369023,8
09494000,0.7443683826416532,0.06050219056296776,0.24597193043712887,0.8134897167660031,8
09497980,0.729989169485664,0.1201515586329348,0.3466288485295689,1.1255080698240925,8
09505350,0.6473982975949472,1.0248535289103895,1.0123504970663024,0.7292968188128834,8
09505800,0.560359211248418,0.666722382124865,0.8165306988257484,0.8468776970867552,8
09508300,0.6393444734439935,2.7149050405041186,1.647696889753731,0.7089523124775597,8
09510200,0.7557442985156593,0.3449268597492719,0.5873047418072426,0.6467948047682043,8
09512280,0.6989670695755228,0.2967013381805171,0.5447029816152259,0.9029412854093246,8
09513780,0.39938024105464953,2.580537715024483,1.6064052150763464,0.4804144339664209,8
10234500,0.8996281253375272,0.04750543793688532,0.21795742230280968,1.0357108130972592,8
10244950,0.4422545281157252,0.08973232685548425,0.2995535458903537,1.256339674937228,8
10259000,0.767032558479862,0.15331681959687699,0.39155691744225,0.7770494434290259,8
10336645,0.8988039394013857,1.801807277794816,1.3423141501879565,0.9634638332160576,8
10336660,0.8071677533966688,7.643976063577298,2.764774143321168,0.8964412934986642,8
10343500,0.7404565457670935,1.6827437985109712,1.297206151122855,0.8639385947351829,8
11124500,0.49857705659572826,1.2863644681631312,1.1341800863016116,0.7977382916104465,8
11141280,0.6313882567635711,0.5942943160772742,0.7709048683704587,0.7778009627413691,8
11143000,0.7971882774903262,5.371342100174804,2.3176156066472293,0.9250731578067911,8
11148900,0.789382819419666,5.455655368019864,2.335734438676594,0.9099642567025866,8
11151300,0.8177282457216722,0.06498305814789304,0.25491774780876486,0.8305164423790575,8
11176400,0.7399380310249639,0.6339386855649592,0.7962026661378114,0.8453317062032205,8
11230500,0.7690980813467392,1.913482809944164,1.3832869586402397,0.8314125044787047,8
11237500,0.7502459088233603,5.460752148909469,2.336825228576042,0.964500057689736,8
11264500,0.8653086064160969,1.5078719083913628,1.227954359246044,0.9480196176295573,8
11266500,0.8658482897439341,1.537000422760062,1.239758211410621,0.9372361220784133,8
11284400,0.7554871384950023,2.227829916385634,1.492591677715521,1.0434082541982308,8
11381500,0.812898969159471,2.3106167934686628,1.5200713119681797,1.0678762339589434,8
11451100,0.7524614244536485,9.589420092385847,3.0966788810572283,0.8184773897232074,8
11468500,0.8785419450097212,3.6319110910226,1.9057573536582773,0.9496794828230954,8
11473900,0.845801365222862,3.0325712879168645,1.7414279450832482,1.0277892851031918,8
11475560,0.8096803573140434,17.90857423414033,4.231852340777065,1.059636111863864,8
11476600,0.8118733483197128,13.164832445842594,3.6283374217184643,1.1538055245702536,8
11478500,0.8198966317614119,12.672386389354246,3.5598295449858615,1.3067947808740943,8
11480390,0.8288235594654162,6.968981917280783,2.639882936283498,1.100738669199168,8
11481200,0.8335820347352043,7.6332712976933035,2.7628375445713966,1.1740061978312575,8
11482500,0.7598765868569393,8.970371494891435,2.9950578449992307,1.3600332131586264,8
11522500,0.8887864589136593,1.2428609796331136,1.1148367502164223,0.9757242358877308,8
11523200,0.8184757010241162,3.6372426603772703,1.9071556466049828,1.0000263190825363,8
11528700,0.8245279141979628,2.4385110318259304,1.5615732553504913,1.1388457128862481,8
11532500,0.9213561257549086,7.277469592630041,2.6976785562090306,1.0055238132439597,8
12010000,0.9082393017989655,13.5400389835058,3.6796791957323944,0.9444586731684971,8
12013500,0.9172083511338418,5.232197929299418,2.287399818418157,1.1099351109341344,8
12020000,0.8402729286859276,13.735153528697765,3.7060968050899272,1.058773812585647,8
12025700,0.8324086845309819,8.7619262956435,2.960055116994192,1.158713950595017,8
12035000,0.9397541762216614,6.777696542587357,2.6034009569383194,0.9665549003090328,8
12040500,0.8971277732850397,25.866613617465422,5.085923084108274,1.101463779613931,8
12041200,0.7863181787129014,28.799689996494298,5.366534263050437,1.1498559802804182,8
12048000,0.42683690261665486,3.012078458167719,1.7355340556058585,1.188855245392518,8
12054000,0.6415824953142759,16.164499025268317,4.020509796688514,1.0845941009076592,8
12056500,0.715018155981946,34.524176718636156,5.875727760765994,1.084487676125361,8
12073500,0.8489286461619823,1.1114974843245728,1.0542758103668,0.920112067145514,8
12082500,0.8432527299665789,4.344061662785165,2.084241267892267,0.9742279907789049,8
12092000,0.6925609325819887,5.517742795473489,2.348987610753511,1.1578391600196616,8
12114500,0.8849218273562938,6.020938246322599,2.4537600221542855,1.0091848454458412,8
12115000,0.8460028249591267,8.846565644753813,2.974317677174685,1.01759005412434,8
12117000,0.8457870518468603,4.720629037048097,2.172700862302056,0.9259622449279852,8
12143600,0.8869414864490881,7.224111412574975,2.687770714286279,1.0079005935092973,8
12144000,0.9055111151247632,4.35618219173705,2.0871469022895943,0.9838721436847804,8
12145500,0.9068932912153197,3.8652365200652326,1.9660204780381187,0.9935760334497097,8
12147500,0.7947981590642218,17.00970493446541,4.12428235387266,0.8678918398188827,8
12167000,0.794262272482952,17.71151442668934,4.208505010890368,0.9191881429764589,8
12175500,0.862859124386618,3.6318000288107815,1.9057282148330548,0.9881765021340777,8
12178100,0.8369154182474028,6.138127176052441,2.477524404733976,1.0079080805617584,8
12186000,0.8528490515009098,7.629903317151812,2.7622279625606234,0.9272294400583342,8
12189500,0.8565802497474299,4.04920698343064,2.0122641435533857,0.951413305372356,8
12375900,0.8597928837526756,1.2189065495545657,1.1040410090003747,0.9979592283931886,8
12377150,0.8848496987876547,2.701450999040102,1.6436091381591007,0.9383229929063033,8
12381400,0.7178384980499745,0.6664121845217356,0.8163407282022229,1.3052011920971374,8
12383500,0.5381746395867556,0.5682873841047273,0.7538483827035297,1.1361620071034297,8
12390700,0.7645998510227772,0.5732652385946854,0.7571428125490497,0.9797840299435407,8
12411000,0.7702749157270139,1.9016469120190629,1.379002143587552,1.0450654588595731,8
12447390,0.8273087766477663,1.2998339836959398,1.1401026198092608,1.1880582284072159,8
12451000,0.8912803279431016,2.397564390277348,1.548407049285603,0.9968833199263029,8
12488500,0.8539202483367949,1.6152353221712108,1.2709190856113581,1.0132551567458028,8
13011500,0.9167433560550312,0.9289501601986063,0.9638206058176004,0.9122487241303957,8
13011900,0.9182704308118094,0.4899385548659737,0.6999561092425537,0.9612362068275286,8
13018300,0.9003398673520306,0.23011004418369316,0.4796978676038629,0.8921944130985777,8
13023000,0.9237078388500739,0.17830539510819143,0.4222622350011796,0.9243433669542035,8
13161500,0.8808966098834977,0.014408177091392199,0.12003406637864185,1.018127144993524,8
13235000,0.9445105837174868,0.24463621543144057,0.49460713241060383,0.9124873181151989,8
13240000,0.8778609827132097,2.724484840236391,1.6506013571533227,0.9429075906227796,8
13313000,0.9200083943940788,0.48841889867150895,0.698869729399914,1.0095028583006977,8
13331500,0.9163206633655845,0.4018480093532884,0.6339148281538209,1.0059406726901983,8
14020000,0.7838330948213541,1.1536763591117252,1.0740932730036648,0.9039889519457265,8
14096850,0.8373121420528368,0.13518980393922742,0.3676816611407583,0.9209368346557051,8
14137000,0.8432649936746088,4.874270419080306,2.207774992855999,0.9230755875217319,8
14138800,0.84855044446192,17.600783492211427,4.195328770455473,1.0141031046905633,8
14138870,0.8601727692475281,9.347906751606248,3.0574346684117795,0.9527939609150841,8
14138900,0.8662546013547814,14.907637516428489,3.8610409887009083,0.9726280181455621,8
14139800,0.852361012298118,13.218691724333578,3.6357518788186822,0.8455276896131578,8
14141500,0.8844711476018665,6.42849683404809,2.535448053904495,0.9374021913295923,8
14154500,0.9165352979266796,1.6467988103597047,1.283276591526435,1.0256181073335466,8
14158790,0.8692014317228512,8.073195650164285,2.8413369476646526,0.9003761145394772,8
14166500,0.9211615091605001,1.4998732362568583,1.2246931192167523,0.9200942732797287,8
14182500,0.8415500408550314,14.243579294785805,3.7740666786353687,0.9355392646877456,8
14185000,0.9128954575482102,3.8253283079459837,1.9558446533265323,0.9660715353624051,8
14185900,0.9017041919401043,8.501730968555458,2.9157727909690525,1.0213814196564757,8
14187000,0.9271313052471276,2.2554522464721503,1.5018163158229938,0.9525143580940698,8
14216500,0.8338763031446474,9.712466955521117,3.116483106888455,0.9564597823169324,8
14222500,0.8933154499895849,6.4923110323261275,2.5480013799694317,0.9702815481591888,8
14236200,0.8830447988724054,7.168321797981229,2.677372181446059,0.9935516388509396,8
14301000,0.9496000260231835,1.9172202472580147,1.3846372258674886,1.004387072563835,8
14303200,0.8708145538594234,11.799045173842497,3.434973824331489,0.9607046684709817,8
14305500,0.8902374805512578,12.786321073105622,3.5757965648377734,0.9056741437769219,8
14306340,0.8387392978967145,10.499483869963084,3.2402907076315057,0.8389328584621668,8
14306500,0.9344584609450404,2.641780262472562,1.6253554265060188,0.9240774099071127,8
14308990,0.875549634682358,1.1784835138992598,1.0855798054032046,1.032793333822381,8
14309500,0.835649159349952,4.515882037020818,2.1250604784383946,1.1243692888772907,8
14316700,0.9036705114973058,2.6643799329875293,1.6322928453520615,1.0008063193365275,8
14325000,0.8216450829392397,10.79885600149371,3.2861612865916534,1.2485771762923452,8
14362250,0.8757585748485109,0.143545363004685,0.3788738088132842,1.1469866578704717,8
14400000,0.8939366968825317,19.458574983324286,4.411187479956422,0.9710583461686436,8
