date,precip_mm
2009-01-01,0.15000000596046448
2009-01-02,0.7281249761581421
2009-01-03,0.484375
2009-01-04,0.0
2009-01-05,0.0
2009-01-06,0.0
2009-01-07,0.15312500298023224
2009-01-08,0.731249988079071
2009-01-09,0.0031250000465661287
2009-01-10,1.203125
2009-01-11,0.24687500298023224
2009-01-12,0.0031250000465661287
2009-01-13,31.340625762939453
2009-01-14,0.0
2009-01-15,0.0
2009-01-16,0.015625
2009-01-17,0.0
2009-01-18,1.171875
2009-01-19,0.16562500596046448
2009-01-20,0.0
2009-01-21,0.0
2009-01-22,0.0
2009-01-23,0.0
2009-01-24,0.0
2009-01-25,0.653124988079071
2009-01-26,0.16562500596046448
2009-01-27,0.05312500149011612
2009-01-28,8.699999809265137
2009-01-29,14.856249809265137
2009-01-30,4.053124904632568
2009-01-31,0.15937499701976776
2009-02-01,1.0625
2009-02-02,0.5687500238418579
2009-02-03,24.234375
2009-02-04,0.0
2009-02-05,0.28125
2009-02-06,2.2125000953674316
2009-02-07,0.0
2009-02-08,0.0
2009-02-09,0.0
2009-02-10,5.612500190734863
2009-02-11,6.3125
2009-02-12,0.0
2009-02-13,0.0
2009-02-14,0.0
2009-02-15,0.0625
2009-02-16,4.681250095367432
2009-02-17,0.7281249761581421
2009-02-18,2.049999952316284
2009-02-19,2.325000047683716
2009-02-20,10.475000381469727
2009-02-21,2.950000047683716
2009-02-22,5.090624809265137
2009-02-23,1.149999976158142
2009-02-24,0.3031249940395355
2009-02-25,1.265625
2009-02-26,0.625
2009-02-27,1.931249976158142
2009-02-28,0.765625
2009-03-01,1.1281249523162842
2009-03-02,7.206250190734863
2009-03-03,2.0562500953674316
2009-03-04,13.96875
2009-03-05,0.1875
2009-03-06,0.21875
2009-03-07,0.11562500149011612
2009-03-08,0.2562499940395355
2009-03-09,0.4749999940395355
2009-03-10,1.2687499523162842
2009-03-11,24.746875762939453
2009-03-12,0.778124988079071
2009-03-13,0.0
2009-03-14,0.0
2009-03-15,3.981250047683716
2009-03-16,0.934374988079071
2009-03-17,29.146875381469727
2009-03-18,0.0
2009-03-19,0.05312500149011612
2009-03-20,0.16249999403953552
2009-03-21,0.0
2009-03-22,0.0
2009-03-23,0.0
2009-03-24,0.0062500000931322575
2009-03-25,0.0
2009-03-26,0.0
2009-03-27,0.0
2009-03-28,0.0
2009-03-29,0.0
2009-03-30,0.0
2009-03-31,0.05624999850988388
2009-04-01,0.012500000186264515
2009-04-02,0.0
2009-04-03,0.6968749761581421
2009-04-04,6.974999904632568
2009-04-05,0.0
2009-04-06,0.0
2009-04-07,0.0
2009-04-08,0.05624999850988388
2009-04-09,0.11249999701976776
2009-04-10,0.0
2009-04-11,0.22812500596046448
2009-04-12,0.0
2009-04-13,0.0
2009-04-14,0.02187499962747097
2009-04-15,0.0
2009-04-16,0.0
2009-04-17,0.0
2009-04-18,2.5406250953674316
2009-04-19,3.8499999046325684
2009-04-20,0.0
2009-04-21,0.0
2009-04-22,0.13124999403953552
2009-04-23,0.0
2009-04-24,0.0
2009-04-25,0.0625
2009-04-26,0.0
2009-04-27,0.0
2009-04-28,0.0
2009-04-29,0.0
2009-04-30,0.0
2009-05-01,0.0
2009-05-02,0.0
2009-05-03,0.0
2009-05-04,0.05000000074505806
2009-05-05,0.6156250238418579
2009-05-06,0.0
2009-05-07,0.0
2009-05-08,0.015625
2009-05-09,0.0
2009-05-10,0.0
2009-05-11,0.23125000298023224
2009-05-12,25.759374618530273
2009-05-13,18.09375
2009-05-14,0.534375011920929
2009-05-15,0.0
2009-05-16,0.012500000186264515
2009-05-17,0.05624999850988388
2009-05-18,2.0875000953674316
2009-05-19,0.0062500000931322575
2009-05-20,0.05937499925494194
2009-05-21,0.0
2009-05-22,0.0
2009-05-23,0.0
2009-05-24,0.02500000037252903
2009-05-25,0.17499999701976776
2009-05-26,0.26875001192092896
2009-05-27,0.6468750238418579
2009-05-28,0.0
2009-05-29,0.10625000298023224
2009-05-30,34.06562423706055
2009-05-31,2.331249952316284
2009-06-01,0.0
2009-06-02,0.0
2009-06-03,0.0
2009-06-04,0.0625
2009-06-05,0.0
2009-06-06,0.0
2009-06-07,0.0
2009-06-08,0.0
2009-06-09,0.0
2009-06-10,0.0
2009-06-11,0.0
2009-06-12,0.0
2009-06-13,0.0
2009-06-14,0.0
2009-06-15,5.084374904632568
2009-06-16,10.962499618530273
2009-06-17,0.0
2009-06-18,0.0
2009-06-19,0.0
2009-06-20,0.484375
2009-06-21,22.490625381469727
2009-06-22,10.462499618530273
2009-06-23,1.1531250476837158
2009-06-24,0.0
2009-06-25,0.0
2009-06-26,0.0
2009-06-27,0.0
2009-06-28,0.3968749940395355
2009-06-29,30.856250762939453
2009-06-30,0.0
2009-07-01,0.03125
2009-07-02,0.0
2009-07-03,0.0
2009-07-04,0.0
2009-07-05,4.443749904632568
2009-07-06,16.368749618530273
2009-07-07,0.44062501192092896
2009-07-08,1.068750023841858
2009-07-09,0.0
2009-07-10,0.0
2009-07-11,0.0625
2009-07-12,0.0
2009-07-13,0.13124999403953552
2009-07-14,0.0
2009-07-15,0.9125000238418579
2009-07-16,0.0
2009-07-17,0.012500000186264515
2009-07-18,0.140625
2009-07-19,0.5718749761581421
2009-07-20,0.0
2009-07-21,14.225000381469727
2009-07-22,1.2218749523162842
2009-07-23,0.0
2009-07-24,0.0
2009-07-25,0.0
2009-07-26,0.0
2009-07-27,0.0
2009-07-28,0.0
2009-07-29,0.0
2009-07-30,0.0
2009-07-31,0.0
2009-08-01,0.0
2009-08-02,11.096875190734863
2009-08-03,0.0
2009-08-04,0.0
2009-08-05,4.090624809265137
2009-08-06,0.7718750238418579
2009-08-07,0.0062500000931322575
2009-08-08,1.6124999523162842
2009-08-09,0.0
2009-08-10,0.0
2009-08-11,0.0
2009-08-12,0.0
2009-08-13,0.0
2009-08-14,0.0
2009-08-15,0.20000000298023224
2009-08-16,9.131250381469727
2009-08-17,0.6187499761581421
2009-08-18,0.0031250000465661287
2009-08-19,26.356250762939453
2009-08-20,3.859375
2009-08-21,0.0
2009-08-22,0.0
2009-08-23,0.10000000149011612
2009-08-24,0.0
2009-08-25,0.0
2009-08-26,0.012500000186264515
2009-08-27,0.0
2009-08-28,0.0
2009-08-29,0.0
2009-08-30,0.0
2009-08-31,5.599999904632568
2009-09-01,42.63750076293945
2009-09-02,16.024999618530273
2009-09-03,0.6031249761581421
2009-09-04,1.631250023841858
2009-09-05,0.05000000074505806
2009-09-06,0.18437500298023224
2009-09-07,12.481249809265137
2009-09-08,0.4000000059604645
2009-09-09,0.0
2009-09-10,0.0
2009-09-11,0.893750011920929
2009-09-12,4.165625095367432
2009-09-13,0.0
2009-09-14,0.0
2009-09-15,0.0
2009-09-16,2.575000047683716
2009-09-17,27.293750762939453
2009-09-18,25.353124618530273
2009-09-19,0.17499999701976776
2009-09-20,0.0
2009-09-21,0.0
2009-09-22,0.34687501192092896
2009-09-23,2.6343750953674316
2009-09-24,0.0
2009-09-25,0.0
2009-09-26,0.0
2009-09-27,1.118749976158142
2009-09-28,2.0687499046325684
2009-09-29,0.012500000186264515
2009-09-30,0.0
2009-10-01,1.8781249523162842
2009-10-02,0.0
2009-10-03,0.0
2009-10-04,0.0
2009-10-05,39.84375
2009-10-06,0.12812499701976776
2009-10-07,0.0
2009-10-08,0.0
2009-10-09,0.0
2009-10-10,0.15625
2009-10-11,32.10625076293945
2009-10-12,0.0
2009-10-13,0.0
2009-10-14,0.15000000596046448
2009-10-15,0.0
2009-10-16,0.0
2009-10-17,0.0
2009-10-18,0.0
2009-10-19,0.20624999701976776
2009-10-20,0.0
2009-10-21,0.3187499940395355
2009-10-22,0.10312499850988388
2009-10-23,0.0
2009-10-24,21.346874237060547
2009-10-25,0.09375
2009-10-26,0.0062500000931322575
2009-10-27,0.0
2009-10-28,0.12187500298023224
2009-10-29,0.05624999850988388
2009-10-30,0.0
2009-10-31,0.07500000298023224
2009-11-01,0.0
2009-11-02,0.015625
2009-11-03,56.196876525878906
2009-11-04,36.37187576293945
2009-11-05,33.02812576293945
2009-11-06,15.271875381469727
2009-11-07,3.6312499046325684
2009-11-08,0.421875
2009-11-09,0.0
2009-11-10,0.7437499761581421
2009-11-11,0.16562500596046448
2009-11-12,0.05312500149011612
2009-11-13,17.428125381469727
2009-11-14,23.356250762939453
2009-11-15,0.6875
2009-11-16,0.0
2009-11-17,9.196874618530273
2009-11-18,54.5
2009-11-19,21.771875381469727
2009-11-20,0.784375011920929
2009-11-21,32.756248474121094
2009-11-22,11.512499809265137
2009-11-23,38.428123474121094
2009-11-24,0.5843750238418579
2009-11-25,0.8218749761581421
2009-11-26,13.028124809265137
2009-11-27,1.118749976158142
2009-11-28,4.543749809265137
2009-11-29,13.671875
2009-11-30,29.762500762939453
2009-12-01,0.0
2009-12-02,13.574999809265137
2009-12-03,0.0031250000465661287
2009-12-04,0.0
2009-12-05,0.04062499850988388
2009-12-06,0.565625011920929
2009-12-07,0.00937500037252903
2009-12-08,0.0
2009-12-09,0.046875
2009-12-10,0.0
2009-12-11,28.928125381469727
2009-12-12,7.390625
2009-12-13,0.0
2009-12-14,0.203125
2009-12-15,0.0
2009-12-16,0.612500011920929
2009-12-17,0.0
2009-12-18,0.0
2009-12-19,0.875
2009-12-20,18.834375381469727
2009-12-21,20.884374618530273
2009-12-22,0.37812501192092896
2009-12-23,10.646875381469727
2009-12-24,7.0
2009-12-25,0.3375000059604645
2009-12-26,17.950000762939453
2009-12-27,0.4375
2009-12-28,0.07187499850988388
2009-12-29,0.06562499701976776
2009-12-30,1.521875023841858
2009-12-31,0.0
2010-01-01,0.0
2010-01-02,0.0
2010-01-03,0.0
2010-01-04,5.587500095367432
2010-01-05,10.550000190734863
2010-01-06,43.671875
2010-01-07,0.0625
2010-01-08,0.8187500238418579
2010-01-09,7.646874904632568
2010-01-10,15.090624809265137
2010-01-11,0.574999988079071
2010-01-12,15.734375
2010-01-13,0.0
2010-01-14,0.0
2010-01-15,0.0
2010-01-16,3.409374952316284
2010-01-17,0.01875000074505806
2010-01-18,5.275000095367432
2010-01-19,23.346874237060547
2010-01-20,0.0
2010-01-21,0.0
2010-01-22,0.0
2010-01-23,0.0
2010-01-24,0.6343749761581421
2010-01-25,0.296875
2010-01-26,0.109375
2010-01-27,0.03125
2010-01-28,0.24687500298023224
2010-01-29,0.19374999403953552
2010-01-30,0.0
2010-01-31,14.915624618530273
2010-02-01,1.771875023841858
2010-02-02,10.725000381469727
2010-02-03,6.862500190734863
2010-02-04,30.581249237060547
2010-02-05,23.662500381469727
2010-02-06,36.45000076293945
2010-02-07,0.19374999403953552
2010-02-08,13.056249618530273
2010-02-09,0.0
2010-02-10,0.0
2010-02-11,0.00937500037252903
2010-02-12,0.11249999701976776
2010-02-13,3.3968749046325684
2010-02-14,22.640625
2010-02-15,9.653124809265137
2010-02-16,12.478124618530273
2010-02-17,0.125
2010-02-18,0.0
2010-02-19,0.015625
2010-02-20,17.881250381469727
2010-02-21,15.928125381469727
2010-02-22,8.0
2010-02-23,4.481249809265137
2010-02-24,0.0
2010-02-25,0.0
2010-02-26,0.0
2010-02-27,0.171875
2010-02-28,0.0
2010-03-01,0.0
2010-03-02,0.0
2010-03-03,1.1906249523162842
2010-03-04,4.300000190734863
2010-03-05,0.30937498807907104
2010-03-06,0.24062499403953552
2010-03-07,0.0
2010-03-08,0.29374998807907104
2010-03-09,0.15312500298023224
2010-03-10,0.16562500596046448
2010-03-11,0.02187499962747097
2010-03-12,0.03125
2010-03-13,1.2218749523162842
2010-03-14,0.24375000596046448
2010-03-15,0.0
2010-03-16,0.0
2010-03-17,0.0
2010-03-18,3.246875047683716
2010-03-19,14.503125190734863
2010-03-20,1.6906249523162842
2010-03-21,14.587499618530273
2010-03-22,2.6343750953674316
2010-03-23,0.0
2010-03-24,0.0
2010-03-25,0.0
2010-03-26,0.012500000186264515
2010-03-27,0.528124988079071
2010-03-28,0.565625011920929
2010-03-29,0.0
2010-03-30,0.0
2010-03-31,0.0
2010-04-01,0.07187499850988388
2010-04-02,0.16249999403953552
2010-04-03,5.375
2010-04-04,0.012500000186264515
2010-04-05,0.0
2010-04-06,0.0
2010-04-07,0.0
2010-04-08,0.0
2010-04-09,0.0
2010-04-10,0.0
2010-04-11,0.0
2010-04-12,0.0
2010-04-13,0.0
2010-04-14,6.996874809265137
2010-04-15,1.078125
2010-04-16,0.0
2010-04-17,1.928125023841858
2010-04-18,1.290624976158142
2010-04-19,25.943750381469727
2010-04-20,5.934374809265137
2010-04-21,0.28125
2010-04-22,0.38749998807907104
2010-04-23,0.0
2010-04-24,0.0
2010-04-25,0.328125
2010-04-26,0.606249988079071
2010-04-27,0.0
2010-04-28,0.0
2010-04-29,0.0
2010-04-30,0.0
2010-05-01,0.0
2010-05-02,0.046875
2010-05-03,13.303125381469727
2010-05-04,22.834375381469727
2010-05-05,0.0
2010-05-06,0.01875000074505806
2010-05-07,0.07187499850988388
2010-05-08,0.0
2010-05-09,0.0
2010-05-10,0.0062500000931322575
2010-05-11,0.07187499850988388
2010-05-12,0.0
2010-05-13,0.0
2010-05-14,0.0
2010-05-15,0.23749999701976776
2010-05-16,0.15937499701976776
2010-05-17,3.215625047683716
2010-05-18,7.915625095367432
2010-05-19,0.543749988079071
2010-05-20,0.7093750238418579
2010-05-21,0.3125
2010-05-22,0.11249999701976776
2010-05-23,0.5625
2010-05-24,38.959373474121094
2010-05-25,0.21875
2010-05-26,0.0
2010-05-27,0.48124998807907104
2010-05-28,2.559375047683716
2010-05-29,21.293750762939453
2010-05-30,3.1312499046325684
2010-05-31,0.0031250000465661287
2010-06-01,0.0
2010-06-02,0.0031250000465661287
2010-06-03,0.0
2010-06-04,1.0125000476837158
2010-06-05,0.0
2010-06-06,0.0
2010-06-07,0.0
2010-06-08,0.0
2010-06-09,0.0
2010-06-10,0.10625000298023224
2010-06-11,0.0
2010-06-12,5.631249904632568
2010-06-13,2.8125
2010-06-14,3.028125047683716
2010-06-15,0.19374999403953552
2010-06-16,35.85625076293945
2010-06-17,0.45625001192092896
2010-06-18,3.359375
2010-06-19,0.3218750059604645
2010-06-20,0.0
2010-06-21,0.0
2010-06-22,0.0
2010-06-23,0.21250000596046448
2010-06-24,6.231249809265137
2010-06-25,0.20624999701976776
2010-06-26,2.221874952316284
2010-06-27,9.15625
2010-06-28,0.19062499701976776
2010-06-29,0.28437501192092896
2010-06-30,0.5062500238418579
2010-07-01,0.02187499962747097
2010-07-02,0.0
2010-07-03,0.0
2010-07-04,0.0
2010-07-05,0.0
2010-07-06,0.24062499403953552
2010-07-07,11.53125
2010-07-08,0.0
2010-07-09,0.0031250000465661287
2010-07-10,0.0
2010-07-11,13.403124809265137
2010-07-12,8.856249809265137
2010-07-13,0.0
2010-07-14,0.0
2010-07-15,0.012500000186264515
2010-07-16,0.0
2010-07-17,3.4437499046325684
2010-07-18,35.30937576293945
2010-07-19,24.628124237060547
2010-07-20,0.30937498807907104
2010-07-21,13.596875190734863
2010-07-22,0.0
2010-07-23,0.0
2010-07-24,4.853125095367432
2010-07-25,36.384376525878906
2010-07-26,0.0
2010-07-27,0.0
2010-07-28,0.4375
2010-07-29,0.4593749940395355
2010-07-30,1.381250023841858
2010-07-31,23.703125
2010-08-01,0.0
2010-08-02,0.0
2010-08-03,0.012500000186264515
2010-08-04,0.19687500596046448
2010-08-05,0.559374988079071
2010-08-06,0.0
2010-08-07,0.0
2010-08-08,0.0
2010-08-09,0.0
2010-08-10,0.0
2010-08-11,0.13750000298023224
2010-08-12,15.387499809265137
2010-08-13,4.324999809265137
2010-08-14,0.11249999701976776
2010-08-15,0.0
2010-08-16,0.0
2010-08-17,0.0
2010-08-18,0.0
2010-08-19,2.4937500953674316
2010-08-20,0.0
2010-08-21,0.0
2010-08-22,0.0
2010-08-23,0.0
2010-08-24,0.34375
2010-08-25,5.246874809265137
2010-08-26,0.046875
2010-08-27,0.30000001192092896
2010-08-28,0.0
2010-08-29,0.48750001192092896
2010-08-30,10.956250190734863
2010-08-31,15.118749618530273
2010-09-01,42.72187423706055
2010-09-02,5.596875190734863
2010-09-03,20.237499237060547
2010-09-04,0.12812499701976776
2010-09-05,0.0
2010-09-06,0.0
2010-09-07,0.0
2010-09-08,0.0
2010-09-09,0.0
2010-09-10,0.4625000059604645
2010-09-11,20.796875
2010-09-12,3.956249952316284
2010-09-13,16.90625
2010-09-14,5.150000095367432
2010-09-15,0.0
2010-09-16,0.0
2010-09-17,0.0
2010-09-18,0.0
2010-09-19,0.0
2010-09-20,0.0
2010-09-21,3.5406250953674316
2010-09-22,5.96875
2010-09-23,0.44062501192092896
2010-09-24,0.296875
2010-09-25,0.13124999403953552
2010-09-26,0.0
2010-09-27,0.42500001192092896
2010-09-28,1.671875
2010-09-29,0.09687499701976776
2010-09-30,0.0
2010-10-01,0.0
2010-10-02,0.0
2010-10-03,0.0
2010-10-04,0.0
2010-10-05,0.0
2010-10-06,0.0625
2010-10-07,7.178124904632568
2010-10-08,0.0
2010-10-09,0.44999998807907104
2010-10-10,0.0
2010-10-11,0.0
2010-10-12,0.0
2010-10-13,0.03437500074505806
2010-10-14,7.0
2010-10-15,0.40625
2010-10-16,0.03125
2010-10-17,0.0
2010-10-18,0.0
2010-10-19,0.0
2010-10-20,0.0
2010-10-21,0.0
2010-10-22,0.0
2010-10-23,0.0
2010-10-24,0.36250001192092896
2010-10-25,0.0
2010-10-26,0.0
2010-10-27,0.0
2010-10-28,0.05937499925494194
2010-10-29,9.503125190734863
2010-10-30,5.362500190734863
2010-10-31,0.0
2010-11-01,0.0
2010-11-02,0.02812499925494194
2010-11-03,0.0
2010-11-04,0.04062499850988388
2010-11-05,6.646874904632568
2010-11-06,0.0
2010-11-07,0.0
2010-11-08,0.0062500000931322575
2010-11-09,15.615625381469727
2010-11-10,0.0
2010-11-11,0.0
2010-11-12,0.0
2010-11-13,0.0
2010-11-14,0.0625
2010-11-15,1.490625023841858
2010-11-16,0.3375000059604645
2010-11-17,0.0
2010-11-18,0.0
2010-11-19,0.46875
2010-11-20,0.46875
2010-11-21,0.0062500000931322575
2010-11-22,0.0
2010-11-23,0.0
2010-11-24,0.800000011920929
2010-11-25,0.0
2010-11-26,0.0
2010-11-27,0.0
2010-11-28,6.131249904632568
2010-11-29,0.0031250000465661287
2010-11-30,0.0
2010-12-01,0.0
2010-12-02,0.109375
2010-12-03,0.04374999925494194
2010-12-04,0.0
2010-12-05,0.0
2010-12-06,0.0
2010-12-07,0.0
2010-12-08,0.0
2010-12-09,0.14374999701976776
2010-12-10,0.6656249761581421
2010-12-11,4.425000190734863
2010-12-12,15.59375
2010-12-13,0.24375000596046448
2010-12-14,0.0
2010-12-15,0.0
2010-12-16,0.0
2010-12-17,0.10312499850988388
2010-12-18,1.318750023841858
2010-12-19,12.981249809265137
2010-12-20,6.75
2010-12-21,0.0
2010-12-22,0.0
2010-12-23,0.0
2010-12-24,13.0
2010-12-25,0.012500000186264515
2010-12-26,0.0
2010-12-27,0.0
2010-12-28,0.0
2010-12-29,0.0
2010-12-30,0.0
2010-12-31,0.2906250059604645
2011-01-01,0.3343749940395355
2011-01-02,1.2843749523162842
2011-01-03,1.3468749523162842
2011-01-04,1.0499999523162842
2011-01-05,6.28125
2011-01-06,0.00937500037252903
2011-01-07,0.0
2011-01-08,3.34375
2011-01-09,0.0031250000465661287
2011-01-10,2.0062499046325684
2011-01-11,18.278125762939453
2011-01-12,8.996874809265137
2011-01-13,0.37187498807907104
2011-01-14,0.05624999850988388
2011-01-15,0.0
2011-01-16,0.2874999940395355
2011-01-17,2.6500000953674316
2011-01-18,0.737500011920929
2011-01-19,0.046875
2011-01-20,1.5968749523162842
2011-01-21,0.0
2011-01-22,0.4124999940395355
2011-01-23,0.0
2011-01-24,0.02187499962747097
2011-01-25,0.21250000596046448
2011-01-26,18.78125
2011-01-27,1.021875023841858
2011-01-28,5.743750095367432
2011-01-29,0.078125
2011-01-30,0.0062500000931322575
2011-01-31,3.121875047683716
2011-02-01,0.6968749761581421
2011-02-02,0.0
2011-02-03,0.12187500298023224
2011-02-04,4.493750095367432
2011-02-05,0.0
2011-02-06,0.0
2011-02-07,2.606250047683716
2011-02-08,34.165626525878906
2011-02-09,3.846874952316284
2011-02-10,0.4906249940395355
2011-02-11,0.171875
2011-02-12,1.15625
2011-02-13,0.7562500238418579
2011-02-14,0.2906250059604645
2011-02-15,0.0
2011-02-16,0.0
2011-02-17,0.08124999701976776
2011-02-18,0.0
2011-02-19,0.0
2011-02-20,0.07500000298023224
2011-02-21,0.4281249940395355
2011-02-22,0.19062499701976776
2011-02-23,11.740625381469727
2011-02-24,0.731249988079071
2011-02-25,0.4625000059604645
2011-02-26,0.0
2011-02-27,0.0
2011-02-28,0.0
2011-03-01,0.0
2011-03-02,0.0
2011-03-03,0.0
2011-03-04,0.0
2011-03-05,0.0
2011-03-06,0.0
2011-03-07,0.0062500000931322575
2011-03-08,0.09375
2011-03-09,1.46875
2011-03-10,0.16875000298023224
2011-03-11,0.18437500298023224
2011-03-12,0.07187499850988388
2011-03-13,0.33125001192092896
2011-03-14,0.0
2011-03-15,0.0
2011-03-16,0.0
2011-03-17,18.178125381469727
2011-03-18,0.02187499962747097
2011-03-19,0.0
2011-03-20,0.0
2011-03-21,0.0
2011-03-22,0.0
2011-03-23,8.753125190734863
2011-03-24,10.256250381469727
2011-03-25,23.450000762939453
2011-03-26,6.875
2011-03-27,1.0593750476837158
2011-03-28,2.5093750953674316
2011-03-29,0.0
2011-03-30,0.0
2011-03-31,0.6968749761581421
2011-04-01,0.703125
2011-04-02,0.0
2011-04-03,0.0
2011-04-04,1.53125
2011-04-05,0.08437500149011612
2011-04-06,0.0
2011-04-07,0.0
2011-04-08,0.43437498807907104
2011-04-09,0.0
2011-04-10,0.0
2011-04-11,0.0
2011-04-12,0.0
2011-04-13,0.0
2011-04-14,7.065625190734863
2011-04-15,11.090624809265137
2011-04-16,8.012499809265137
2011-04-17,24.659374237060547
2011-04-18,0.0
2011-04-19,0.0
2011-04-20,39.615623474121094
2011-04-21,0.706250011920929
2011-04-22,8.537500381469727
2011-04-23,8.518750190734863
2011-04-24,0.0
2011-04-25,0.0
2011-04-26,0.0
2011-04-27,0.0
2011-04-28,0.012500000186264515
2011-04-29,0.09687499701976776
2011-04-30,4.059374809265137
2011-05-01,1.921875
2011-05-02,1.462499976158142
2011-05-03,0.0
2011-05-04,0.0
2011-05-05,0.0
2011-05-06,0.0
2011-05-07,0.0
2011-05-08,0.0
2011-05-09,3.53125
2011-05-10,0.17812499403953552
2011-05-11,0.706250011920929
2011-05-12,0.0
2011-05-13,0.6468750238418579
2011-05-14,8.024999618530273
2011-05-15,0.0
2011-05-16,0.012500000186264515
2011-05-17,0.0062500000931322575
2011-05-18,0.07500000298023224
2011-05-19,0.0
2011-05-20,0.0
2011-05-21,0.0
2011-05-22,7.196875095367432
2011-05-23,0.34062498807907104
2011-05-24,29.671875
2011-05-25,40.806251525878906
2011-05-26,0.02187499962747097
2011-05-27,0.0
2011-05-28,0.0
2011-05-29,0.0
2011-05-30,0.0062500000931322575
2011-05-31,0.02812499925494194
2011-06-01,0.012500000186264515
2011-06-02,0.17499999701976776
2011-06-03,0.8999999761581421
2011-06-04,0.0
2011-06-05,0.0
2011-06-06,9.012499809265137
2011-06-07,6.956250190734863
2011-06-08,0.0031250000465661287
2011-06-09,0.0
2011-06-10,0.0
2011-06-11,0.0
2011-06-12,1.1749999523162842
2011-06-13,0.0031250000465661287
2011-06-14,0.0
2011-06-15,0.0
2011-06-16,21.149999618530273
2011-06-17,21.03125
2011-06-18,0.9281250238418579
2011-06-19,19.703125
2011-06-20,17.006250381469727
2011-06-21,0.996874988079071
2011-06-22,0.4312500059604645
2011-06-23,2.1937499046325684
2011-06-24,0.0
2011-06-25,0.0
2011-06-26,0.0
2011-06-27,0.0
2011-06-28,0.0
2011-06-29,0.0
2011-06-30,0.0
2011-07-01,0.0
2011-07-02,0.0
2011-07-03,0.0
2011-07-04,0.0
2011-07-05,0.0
2011-07-06,0.0
2011-07-07,0.0
2011-07-08,0.0
2011-07-09,0.00937500037252903
2011-07-10,7.246874809265137
2011-07-11,0.0
2011-07-12,0.05624999850988388
2011-07-13,0.24062499403953552
2011-07-14,13.234375
2011-07-15,14.003125190734863
2011-07-16,24.987499237060547
2011-07-17,0.15625
2011-07-18,0.7250000238418579
2011-07-19,0.4281249940395355
2011-07-20,0.0062500000931322575
2011-07-21,0.07187499850988388
2011-07-22,0.05000000074505806
2011-07-23,0.0
2011-07-24,0.0
2011-07-25,0.0
2011-07-26,9.149999618530273
2011-07-27,1.790624976158142
2011-07-28,12.743749618530273
2011-07-29,4.840624809265137
2011-07-30,0.0
2011-07-31,0.0
2011-08-01,15.609375
2011-08-02,18.121875762939453
2011-08-03,0.2750000059604645
2011-08-04,0.0
2011-08-05,0.0
2011-08-06,0.0
2011-08-07,0.0
2011-08-08,0.28437501192092896
2011-08-09,1.9406249523162842
2011-08-10,0.0
2011-08-11,0.0
2011-08-12,0.6343749761581421
2011-08-13,11.387499809265137
2011-08-14,0.09375
2011-08-15,0.28125
2011-08-16,14.215624809265137
2011-08-17,0.0062500000931322575
2011-08-18,13.653124809265137
2011-08-19,0.546875
2011-08-20,0.0
2011-08-21,0.0
2011-08-22,0.0
2011-08-23,0.12187500298023224
2011-08-24,0.0
2011-08-25,0.0
2011-08-26,0.0
2011-08-27,25.990625381469727
2011-08-28,8.415624618530273
2011-08-29,0.02500000037252903
2011-08-30,0.0
2011-08-31,0.0
2011-09-01,0.0
2011-09-02,0.0
2011-09-03,0.0
2011-09-04,3.325000047683716
2011-09-05,8.459375381469727
2011-09-06,0.0
2011-09-07,0.0
2011-09-08,0.02812499925494194
2011-09-09,0.0031250000465661287
2011-09-10,0.3812499940395355
2011-09-11,0.0
2011-09-12,0.0
2011-09-13,0.0
2011-09-14,0.0
2011-09-15,0.0
2011-09-16,1.681249976158142
2011-09-17,40.70000076293945
2011-09-18,0.11562500149011612
2011-09-19,0.859375
2011-09-20,0.543749988079071
2011-09-21,0.0
2011-09-22,0.0
2011-09-23,0.34375
2011-09-24,0.0
2011-09-25,0.0
2011-09-26,0.15312500298023224
2011-09-27,0.0
2011-09-28,0.0
2011-09-29,0.06875000149011612
2011-09-30,53.58124923706055
2011-10-01,7.900000095367432
2011-10-02,0.0
2011-10-03,0.0
2011-10-04,1.1749999523162842
2011-10-05,0.6656249761581421
2011-10-06,0.05312500149011612
2011-10-07,23.059375762939453
2011-10-08,9.753125190734863
2011-10-09,0.503125011920929
2011-10-10,0.0
2011-10-11,0.078125
2011-10-12,2.6031250953674316
2011-10-13,7.981249809265137
2011-10-14,0.03437500074505806
2011-10-15,0.0
2011-10-16,0.0
2011-10-17,0.0
2011-10-18,0.0
2011-10-19,0.0
2011-10-20,0.0
2011-10-21,0.0
2011-10-22,2.4749999046325684
2011-10-23,11.537500381469727
2011-10-24,20.834375381469727
2011-10-25,3.3531250953674316
2011-10-26,0.02187499962747097
2011-10-27,0.0
2011-10-28,0.0
2011-10-29,0.24687500298023224
2011-10-30,0.0
2011-10-31,0.0
2011-11-01,0.0
2011-11-02,0.0
2011-11-03,0.0
2011-11-04,0.0
2011-11-05,0.2874999940395355
2011-11-06,0.06562499701976776
2011-11-07,0.0
2011-11-08,0.0
2011-11-09,17.856250762939453
2011-11-10,1.881250023841858
2011-11-11,0.0
2011-11-12,0.0
2011-11-13,0.012500000186264515
2011-11-14,0.078125
2011-11-15,0.00937500037252903
2011-11-16,0.0
2011-11-17,0.0
2011-11-18,0.0
2011-11-19,0.0
2011-11-20,13.9375
2011-11-21,3.403125047683716
2011-11-22,4.965624809265137
2011-11-23,0.0
2011-11-24,0.14687499403953552
2011-11-25,0.0
2011-11-26,0.0
2011-11-27,0.02187499962747097
2011-11-28,0.31562501192092896
2011-11-29,3.081249952316284
2011-11-30,5.846875190734863
2011-12-01,0.0
2011-12-02,0.0
2011-12-03,0.0
2011-12-04,0.0
2011-12-05,1.0625
2011-12-06,6.21875
2011-12-07,0.02500000037252903
2011-12-08,0.0
2011-12-09,0.0
2011-12-10,0.0
2011-12-11,0.0
2011-12-12,0.20624999701976776
2011-12-13,0.5531250238418579
2011-12-14,0.8500000238418579
2011-12-15,0.893750011920929
2011-12-16,1.2312500476837158
2011-12-17,1.146875023841858
2011-12-18,0.03750000149011612
2011-12-19,0.0
2011-12-20,0.0
2011-12-21,0.14374999701976776
2011-12-22,11.381250381469727
2011-12-23,21.690624237060547
2011-12-24,3.5374999046325684
2011-12-25,0.0
2011-12-26,0.0
2011-12-27,0.02500000037252903
2011-12-28,0.0
2011-12-29,0.0
2011-12-30,0.01875000074505806
2011-12-31,2.0250000953674316
2012-01-01,0.125
2012-01-02,0.0
2012-01-03,0.05000000074505806
2012-01-04,0.0
2012-01-05,0.0
2012-01-06,0.0
2012-01-07,0.0
2012-01-08,0.0
2012-01-09,0.25
2012-01-10,0.0062500000931322575
2012-01-11,2.75
2012-01-12,11.509374618530273
2012-01-13,0.0
2012-01-14,0.0
2012-01-15,0.0
2012-01-16,0.0
2012-01-17,0.0
2012-01-18,0.0
2012-01-19,0.0
2012-01-20,2.1468749046325684
2012-01-21,2.325000047683716
2012-01-22,1.853124976158142
2012-01-23,0.05000000074505806
2012-01-24,4.303124904632568
2012-01-25,0.01875000074505806
2012-01-26,0.0
2012-01-27,0.0
2012-01-28,0.0
2012-01-29,0.0
2012-01-30,0.06562499701976776
2012-01-31,0.203125
2012-02-01,4.196875095367432
2012-02-02,7.737500190734863
2012-02-03,33.478126525878906
2012-02-04,1.587499976158142
2012-02-05,16.015625
2012-02-06,5.265625
2012-02-07,22.278125762939453
2012-02-08,7.134375095367432
2012-02-09,0.17499999701976776
2012-02-10,0.0
2012-02-11,0.0
2012-02-12,0.0
2012-02-13,0.0
2012-02-14,0.0
2012-02-15,0.04062499850988388
2012-02-16,3.234375
2012-02-17,8.643750190734863
2012-02-18,0.9125000238418579
2012-02-19,12.465624809265137
2012-02-20,1.8250000476837158
2012-02-21,22.709375381469727
2012-02-22,0.15625
2012-02-23,0.0
2012-02-24,0.0
2012-02-25,0.01875000074505806
2012-02-26,0.0
2012-02-27,0.0
2012-02-28,1.021875023841858
2012-02-29,60.290626525878906
2012-03-01,13.46875
2012-03-02,0.0
2012-03-03,0.0
2012-03-04,0.0
2012-03-05,0.0
2012-03-06,0.4937500059604645
2012-03-07,0.903124988079071
2012-03-08,0.949999988079071
2012-03-09,0.0
2012-03-10,0.08437500149011612
2012-03-11,0.0062500000931322575
2012-03-12,0.03750000149011612
2012-03-13,10.774999618530273
2012-03-14,0.0062500000931322575
2012-03-15,0.0
2012-03-16,0.0
2012-03-17,0.0
2012-03-18,0.0
2012-03-19,0.0
2012-03-20,3.9906249046325684
2012-03-21,0.90625
2012-03-22,0.800000011920929
2012-03-23,0.10312499850988388
2012-03-24,0.0
2012-03-25,0.07500000298023224
2012-03-26,7.653124809265137
2012-03-27,0.21250000596046448
2012-03-28,0.0
2012-03-29,0.0
2012-03-30,0.0
2012-03-31,0.0
2012-04-01,0.0
2012-04-02,0.0
2012-04-03,0.24375000596046448
2012-04-04,0.05624999850988388
2012-04-05,50.80937576293945
2012-04-06,0.00937500037252903
2012-04-07,0.0
2012-04-08,0.0
2012-04-09,0.0
2012-04-10,23.262500762939453
2012-04-11,0.637499988079071
2012-04-12,0.06562499701976776
2012-04-13,0.8999999761581421
2012-04-14,4.959374904632568
2012-04-15,0.17812499403953552
2012-04-16,0.0
2012-04-17,0.0
2012-04-18,0.02187499962747097
2012-04-19,12.740625381469727
2012-04-20,0.0
2012-04-21,0.08124999701976776
2012-04-22,0.03125
2012-04-23,0.078125
2012-04-24,0.02812499925494194
2012-04-25,0.0
2012-04-26,0.19062499701976776
2012-04-27,0.0
2012-04-28,2.3656249046325684
2012-04-29,1.1531250476837158
2012-04-30,0.06875000149011612
2012-05-01,0.0
2012-05-02,0.0
2012-05-03,0.0
2012-05-04,0.0
2012-05-05,0.0
2012-05-06,0.0031250000465661287
2012-05-07,0.0031250000465661287
2012-05-08,0.0031250000465661287
2012-05-09,0.0
2012-05-10,0.731249988079071
2012-05-11,0.4124999940395355
2012-05-12,0.2906250059604645
2012-05-13,0.0
2012-05-14,0.0062500000931322575
2012-05-15,0.00937500037252903
2012-05-16,0.0
2012-05-17,0.0
2012-05-18,0.0
2012-05-19,2.418750047683716
2012-05-20,0.02187499962747097
2012-05-21,0.05624999850988388
2012-05-22,0.08437500149011612
2012-05-23,16.193750381469727
2012-05-24,0.871874988079071
2012-05-25,0.01875000074505806
2012-05-26,0.04062499850988388
2012-05-27,0.453125
2012-05-28,1.859375
2012-05-29,1.975000023841858
2012-05-30,0.11562500149011612
2012-05-31,0.0
2012-06-01,0.0062500000931322575
2012-06-02,0.07187499850988388
2012-06-03,0.02500000037252903
2012-06-04,0.10312499850988388
2012-06-05,0.0
2012-06-06,1.0187499523162842
2012-06-07,0.0
2012-06-08,0.0
2012-06-09,0.0
2012-06-10,0.7562500238418579
2012-06-11,0.0
2012-06-12,0.0
2012-06-13,1.0906250476837158
2012-06-14,12.274999618530273
2012-06-15,55.959373474121094
2012-06-16,0.78125
2012-06-17,2.503124952316284
2012-06-18,1.646875023841858
2012-06-19,0.0
2012-06-20,0.0
2012-06-21,0.08124999701976776
2012-06-22,0.0031250000465661287
2012-06-23,0.0
2012-06-24,0.0
2012-06-25,0.0
2012-06-26,0.0
2012-06-27,0.0
2012-06-28,0.05312500149011612
2012-06-29,10.759374618530273
2012-06-30,1.571874976158142
2012-07-01,0.0
2012-07-02,5.737500190734863
2012-07-03,9.159375190734863
2012-07-04,20.834375381469727
2012-07-05,1.0031249523162842
2012-07-06,0.0
2012-07-07,0.0
2012-07-08,0.0
2012-07-09,0.12812499701976776
2012-07-10,0.015625
2012-07-11,0.0
2012-07-12,0.0
2012-07-13,0.0
2012-07-14,0.0
2012-07-15,0.0
2012-07-16,0.00937500037252903
2012-07-17,0.0
2012-07-18,0.0
2012-07-19,0.0
2012-07-20,0.0
2012-07-21,0.09687499701976776
2012-07-22,0.0
2012-07-23,0.06562499701976776
2012-07-24,1.0
2012-07-25,0.0
2012-07-26,0.0
2012-07-27,0.0
2012-07-28,0.0
2012-07-29,0.015625
2012-07-30,0.0
2012-07-31,6.759375095367432
2012-08-01,1.3468749523162842
2012-08-02,0.0
2012-08-03,0.046875
2012-08-04,1.053125023841858
2012-08-05,0.06875000149011612
2012-08-06,0.00937500037252903
2012-08-07,0.0031250000465661287
2012-08-08,9.293749809265137
2012-08-09,0.0
2012-08-10,0.0
2012-08-11,0.0
2012-08-12,17.034374237060547
2012-08-13,0.2593750059604645
2012-08-14,0.0062500000931322575
2012-08-15,0.734375
2012-08-16,9.503125190734863
2012-08-17,19.056249618530273
2012-08-18,6.868750095367432
2012-08-19,0.0031250000465661287
2012-08-20,48.890625
2012-08-21,1.865625023841858
2012-08-22,0.0
2012-08-23,0.0
2012-08-24,4.378125190734863
2012-08-25,5.362500190734863
2012-08-26,0.0
2012-08-27,0.0
2012-08-28,0.0
2012-08-29,0.0
2012-08-30,0.0
2012-08-31,0.109375
2012-09-01,0.012500000186264515
2012-09-02,0.0
2012-09-03,0.0
2012-09-04,0.0
2012-09-05,8.199999809265137
2012-09-06,12.5
2012-09-07,10.234375
2012-09-08,0.10625000298023224
2012-09-09,0.19062499701976776
2012-09-10,0.07187499850988388
2012-09-11,0.0
2012-09-12,0.0
2012-09-13,0.0
2012-09-14,0.0
2012-09-15,3.46875
2012-09-16,1.8781249523162842
2012-09-17,7.565625190734863
2012-09-18,19.006250381469727
2012-09-19,11.96875
2012-09-20,0.06562499701976776
2012-09-21,0.0
2012-09-22,0.0
2012-09-23,0.02500000037252903
2012-09-24,0.6468750238418579
2012-09-25,0.203125
2012-09-26,0.0
2012-09-27,0.0
2012-09-28,0.08124999701976776
2012-09-29,10.140625
2012-09-30,0.30937498807907104
2012-10-01,4.365624904632568
2012-10-02,16.315624237060547
2012-10-03,2.6656250953674316
2012-10-04,0.10000000149011612
2012-10-05,0.04062499850988388
2012-10-06,26.381250381469727
2012-10-07,46.59062576293945
2012-10-08,35.70000076293945
2012-10-09,57.712501525878906
2012-10-10,3.190624952316284
2012-10-11,0.0
2012-10-12,0.0
2012-10-13,0.0
2012-10-14,0.0
2012-10-15,6.268750190734863
2012-10-16,6.837500095367432
2012-10-17,0.503125011920929
2012-10-18,0.0
2012-10-19,0.13124999403953552
2012-10-20,0.7093750238418579
2012-10-21,0.0
2012-10-22,17.015625
2012-10-23,0.15625
2012-10-24,0.0
2012-10-25,0.0
2012-10-26,0.0
2012-10-27,0.11249999701976776
2012-10-28,1.015625
2012-10-29,9.303125381469727
2012-10-30,3.7750000953674316
2012-10-31,0.0
2012-11-01,0.0
2012-11-02,0.0
2012-11-03,0.0
2012-11-04,0.015625
2012-11-05,0.0
2012-11-06,0.0
2012-11-07,0.0031250000465661287
2012-11-08,0.0
2012-11-09,0.12812499701976776
2012-11-10,14.065625190734863
2012-11-11,0.606249988079071
2012-11-12,0.84375
2012-11-13,0.04374999925494194
2012-11-14,0.11562500149011612
2012-11-15,0.08437500149011612
2012-11-16,0.0
2012-11-17,0.0
2012-11-18,1.743749976158142
2012-11-19,2.65625
2012-11-20,0.0
2012-11-21,0.0
2012-11-22,11.409375190734863
2012-11-23,4.625
2012-11-24,0.02812499925494194
2012-11-25,0.0
2012-11-26,0.0
2012-11-27,0.109375
2012-11-28,0.00937500037252903
2012-11-29,0.5406249761581421
2012-11-30,0.265625
2012-12-01,0.07187499850988388
2012-12-02,0.0
2012-12-03,0.0
2012-12-04,5.90625
2012-12-05,1.7312500476837158
2012-12-06,14.134374618530273
2012-12-07,25.743749618530273
2012-12-08,0.0
2012-12-09,0.0
2012-12-10,11.853124618530273
2012-12-11,25.228124618530273
2012-12-12,13.675000190734863
2012-12-13,6.415625095367432
2012-12-14,0.0
2012-12-15,0.0
2012-12-16,7.4375
2012-12-17,0.22499999403953552
2012-12-18,1.2999999523162842
2012-12-19,1.1124999523162842
2012-12-20,19.368749618530273
2012-12-21,1.834375023841858
2012-12-22,0.0
2012-12-23,0.3968749940395355
2012-12-24,0.03125
2012-12-25,6.481249809265137
2012-12-26,19.618749618530273
2012-12-27,0.2593750059604645
2012-12-28,0.0
2012-12-29,0.0
2012-12-30,0.0
2012-12-31,43.90312576293945
2013-01-01,9.340624809265137
2013-01-02,0.0
2013-01-03,0.0
2013-01-04,0.04374999925494194
2013-01-05,12.512499809265137
2013-01-06,0.14687499403953552
2013-01-07,14.487500190734863
2013-01-08,0.0
2013-01-09,0.7281249761581421
2013-01-10,0.0
2013-01-11,0.0
2013-01-12,0.0
2013-01-13,0.0
2013-01-14,0.0
2013-01-15,0.0062500000931322575
2013-01-16,0.24375000596046448
2013-01-17,9.037500381469727
2013-01-18,0.35624998807907104
2013-01-19,0.27812498807907104
2013-01-20,0.00937500037252903
2013-01-21,0.0
2013-01-22,1.4500000476837158
2013-01-23,0.6156250238418579
2013-01-24,4.318749904632568
2013-01-25,2.565624952316284
2013-01-26,0.0
2013-01-27,0.0
2013-01-28,0.0
2013-01-29,0.0
2013-01-30,0.0
2013-01-31,2.953125
2013-02-01,0.06562499701976776
2013-02-02,20.840625762939453
2013-02-03,4.521874904632568
2013-02-04,0.0
2013-02-05,0.0
2013-02-06,0.05312500149011612
2013-02-07,0.05937499925494194
2013-02-08,0.0
2013-02-09,0.23125000298023224
2013-02-10,3.5250000953674316
2013-02-11,7.084374904632568
2013-02-12,1.381250023841858
2013-02-13,0.6468750238418579
2013-02-14,13.943750381469727
2013-02-15,0.578125
2013-02-16,0.04062499850988388
2013-02-17,13.028124809265137
2013-02-18,4.131249904632568
2013-02-19,13.171875
2013-02-20,17.203125
2013-02-21,10.471875190734863
2013-02-22,0.02500000037252903
2013-02-23,0.0
2013-02-24,31.162500381469727
2013-02-25,5.699999809265137
2013-02-26,0.0
2013-02-27,0.0
2013-02-28,0.0
2013-03-01,0.0
2013-03-02,27.762500762939453
2013-03-03,0.637499988079071
2013-03-04,0.0062500000931322575
2013-03-05,0.0
2013-03-06,0.0
2013-03-07,0.0
2013-03-08,0.4375
2013-03-09,6.400000095367432
2013-03-10,8.493749618530273
2013-03-11,0.19687500596046448
2013-03-12,10.790624618530273
2013-03-13,0.0
2013-03-14,2.3531250953674316
2013-03-15,3.559375047683716
2013-03-16,0.02812499925494194
2013-03-17,0.2750000059604645
2013-03-18,1.359375
2013-03-19,5.109375
2013-03-20,25.703125
2013-03-21,1.5750000476837158
2013-03-22,0.12187500298023224
2013-03-23,0.0
2013-03-24,0.0062500000931322575
2013-03-25,0.046875
2013-03-26,0.8187500238418579
2013-03-27,0.0
2013-03-28,0.0
2013-03-29,0.0
2013-03-30,0.12812499701976776
2013-03-31,0.0
2013-04-01,3.046875
2013-04-02,1.5187499523162842
2013-04-03,19.290624618530273
2013-04-04,20.518749237060547
2013-04-05,0.0
2013-04-06,0.0
2013-04-07,0.0
2013-04-08,0.0
2013-04-09,0.0
2013-04-10,0.0
2013-04-11,39.69062423706055
2013-04-12,7.790625095367432
2013-04-13,0.0
2013-04-14,0.0
2013-04-15,0.0
2013-04-16,0.0
2013-04-17,0.0
2013-04-18,0.0
2013-04-19,0.06875000149011612
2013-04-20,0.0
2013-04-21,0.0
2013-04-22,0.0
2013-04-23,0.0
2013-04-24,0.0
2013-04-25,0.02812499925494194
2013-04-26,0.0
2013-04-27,0.0
2013-04-28,2.378124952316284
2013-04-29,0.2906250059604645
2013-04-30,0.0
2013-05-01,18.543750762939453
2013-05-02,45.37187576293945
2013-05-03,65.9281234741211
2013-05-04,0.0031250000465661287
2013-05-05,0.07500000298023224
2013-05-06,0.0
2013-05-07,0.3843750059604645
2013-05-08,0.0
2013-05-09,0.0
2013-05-10,0.0
2013-05-11,22.774999618530273
2013-05-12,4.703125
2013-05-13,0.4593749940395355
2013-05-14,0.515625
2013-05-15,0.484375
2013-05-16,0.0
2013-05-17,0.0
2013-05-18,1.4093749523162842
2013-05-19,13.709375381469727
2013-05-20,0.05000000074505806
2013-05-21,0.03750000149011612
2013-05-22,0.453125
2013-05-23,0.25312501192092896
2013-05-24,0.0031250000465661287
2013-05-25,0.0031250000465661287
2013-05-26,0.046875
2013-05-27,0.0625
2013-05-28,8.665624618530273
2013-05-29,24.603124618530273
2013-05-30,0.0031250000465661287
2013-05-31,0.29374998807907104
2013-06-01,1.478124976158142
2013-06-02,0.10312499850988388
2013-06-03,0.0
2013-06-04,0.0
2013-06-05,0.0
2013-06-06,0.0
2013-06-07,0.0
2013-06-08,0.0
2013-06-09,0.0031250000465661287
2013-06-10,0.078125
2013-06-11,0.0
2013-06-12,0.0
2013-06-13,0.0
2013-06-14,0.949999988079071
2013-06-15,0.0
2013-06-16,0.02187499962747097
2013-06-17,0.03750000149011612
2013-06-18,0.699999988079071
2013-06-19,0.012500000186264515
2013-06-20,0.171875
2013-06-21,16.299999237060547
2013-06-22,0.0
2013-06-23,0.0
2013-06-24,1.1906249523162842
2013-06-25,0.3218750059604645
2013-06-26,0.15625
2013-06-27,0.0
2013-06-28,6.556250095367432
2013-06-29,0.7281249761581421
2013-06-30,0.0
2013-07-01,0.0
2013-07-02,0.0
2013-07-03,0.0
2013-07-04,19.896875381469727
2013-07-05,4.615624904632568
2013-07-06,14.46875
2013-07-07,0.03750000149011612
2013-07-08,0.0
2013-07-09,4.253125190734863
2013-07-10,0.5843750238418579
2013-07-11,0.0
2013-07-12,14.012499809265137
2013-07-13,0.84375
2013-07-14,0.0031250000465661287
2013-07-15,0.0
2013-07-16,0.0
2013-07-17,0.0
2013-07-18,0.878125011920929
2013-07-19,0.0
2013-07-20,2.9281249046325684
2013-07-21,0.125
2013-07-22,0.15000000596046448
2013-07-23,0.24687500298023224
2013-07-24,0.0
2013-07-25,0.0
2013-07-26,0.0
2013-07-27,0.012500000186264515
2013-07-28,0.0
2013-07-29,0.0
2013-07-30,0.296875
2013-07-31,0.609375
2013-08-01,0.40937501192092896
2013-08-02,10.678125381469727
2013-08-03,0.01875000074505806
2013-08-04,0.03750000149011612
2013-08-05,0.0
2013-08-06,0.0
2013-08-07,14.162500381469727
2013-08-08,6.275000095367432
2013-08-09,0.12187500298023224
2013-08-10,0.0
2013-08-11,0.0
2013-08-12,0.09062500298023224
2013-08-13,0.09687499701976776
2013-08-14,0.0
2013-08-15,0.0
2013-08-16,0.0
2013-08-17,0.0
2013-08-18,0.0
2013-08-19,0.0
2013-08-20,0.0
2013-08-21,12.493749618530273
2013-08-22,12.465624809265137
2013-08-23,0.0
2013-08-24,0.0031250000465661287
2013-08-25,0.012500000186264515
2013-08-26,0.0
2013-08-27,0.0
2013-08-28,0.0
2013-08-29,0.0
2013-08-30,0.0
2013-08-31,0.0
2013-09-01,0.012500000186264515
2013-09-02,0.10312499850988388
2013-09-03,0.0
2013-09-04,0.0
2013-09-05,0.0031250000465661287
2013-09-06,0.01875000074505806
2013-09-07,0.21875
2013-09-08,10.578125
2013-09-09,0.0
2013-09-10,0.0
2013-09-11,0.0
2013-09-12,0.0
2013-09-13,12.8125
2013-09-14,67.2718734741211
2013-09-15,20.806249618530273
2013-09-16,1.84375
2013-09-17,0.2750000059604645
2013-09-18,0.0
2013-09-19,0.0
2013-09-20,0.0
2013-09-21,0.0
2013-09-22,0.0
2013-09-23,2.637500047683716
2013-09-24,0.38749998807907104
2013-09-25,0.0
2013-09-26,0.0
2013-09-27,0.0062500000931322575
2013-09-28,0.46875
2013-09-29,0.109375
2013-09-30,0.32499998807907104
2013-10-01,0.0
2013-10-02,0.0
2013-10-03,0.00937500037252903
2013-10-04,3.471874952316284
2013-10-05,0.0
2013-10-06,0.0
2013-10-07,0.0
2013-10-08,0.0
2013-10-09,0.0
2013-10-10,0.44062501192092896
2013-10-11,36.015625
2013-10-12,19.140625
2013-10-13,0.856249988079071
2013-10-14,0.0
2013-10-15,0.0
2013-10-16,0.078125
2013-10-17,0.02812499925494194
2013-10-18,0.16875000298023224
2013-10-19,0.0
2013-10-20,1.1749999523162842
2013-10-21,18.768749237060547
2013-10-22,0.0
2013-10-23,12.884374618530273
2013-10-24,0.0
2013-10-25,0.796875
2013-10-26,34.318748474121094
2013-10-27,0.0
2013-10-28,0.0
2013-10-29,0.0
2013-10-30,0.0
2013-10-31,1.140625
2013-11-01,0.5
2013-11-02,29.96875
2013-11-03,0.11874999850988388
2013-11-04,0.0
2013-11-05,0.0
2013-11-06,0.0
2013-11-07,0.0
2013-11-08,2.0625
2013-11-09,14.449999809265137
2013-11-10,50.275001525878906
2013-11-11,23.056249618530273
2013-11-12,5.737500190734863
2013-11-13,0.0
2013-11-14,0.0
2013-11-15,14.296875
2013-11-16,0.0
2013-11-17,0.0
2013-11-18,0.0
2013-11-19,32.400001525878906
2013-11-20,6.971875190734863
2013-11-21,1.1218750476837158
2013-11-22,0.0
2013-11-23,0.0
2013-11-24,0.01875000074505806
2013-11-25,1.568750023841858
2013-11-26,3.2406249046325684
2013-11-27,18.915624618530273
2013-11-28,0.0
2013-11-29,0.0
2013-11-30,0.0
2013-12-01,1.287500023841858
2013-12-02,1.7781250476837158
2013-12-03,0.03437500074505806
2013-12-04,0.0031250000465661287
2013-12-05,5.706250190734863
2013-12-06,0.03750000149011612
2013-12-07,0.0
2013-12-08,0.0
2013-12-09,4.390625
2013-12-10,0.18437500298023224
2013-12-11,0.0
2013-12-12,0.0
2013-12-13,0.0
2013-12-14,0.046875
2013-12-15,0.0031250000465661287
2013-12-16,0.07500000298023224
2013-12-17,0.0
2013-12-18,0.0
2013-12-19,0.24375000596046448
2013-12-20,0.0
2013-12-21,0.0
2013-12-22,0.0
2013-12-23,0.0
2013-12-24,0.0
2013-12-25,0.0
2013-12-26,0.0
2013-12-27,0.23749999701976776
2013-12-28,0.675000011920929
2013-12-29,1.943750023841858
2013-12-30,0.5218750238418579
2013-12-31,22.109375
2014-01-01,0.4312500059604645
2014-01-02,1.6531250476837158
2014-01-03,0.0
2014-01-04,0.0
2014-01-05,0.0
2014-01-06,0.0
2014-01-07,19.553125381469727
2014-01-08,2.940624952316284
2014-01-09,0.0
2014-01-10,3.5406250953674316
2014-01-11,4.337500095367432
2014-01-12,0.0
2014-01-13,2.7718749046325684
2014-01-14,2.924999952316284
2014-01-15,0.0
2014-01-16,0.0
2014-01-17,0.0
2014-01-18,0.0
2014-01-19,0.10625000298023224
2014-01-20,1.2781250476837158
2014-01-21,0.528124988079071
2014-01-22,4.390625
2014-01-23,0.05624999850988388
2014-01-24,3.3687500953674316
2014-01-25,0.0
2014-01-26,0.7593749761581421
2014-01-27,6.696875095367432
2014-01-28,12.293749809265137
2014-01-29,14.568750381469727
2014-01-30,8.159375190734863
2014-01-31,9.1875
2014-02-01,23.987499237060547
2014-02-02,7.084374904632568
2014-02-03,10.953125
2014-02-04,26.653125762939453
2014-02-05,0.15000000596046448
2014-02-06,6.462500095367432
2014-02-07,0.30937498807907104
2014-02-08,0.06875000149011612
2014-02-09,1.1281249523162842
2014-02-10,3.453125
2014-02-11,4.78125
2014-02-12,4.306250095367432
2014-02-13,14.649999618530273
2014-02-14,0.0
2014-02-15,0.0
2014-02-16,0.0
2014-02-17,0.0
2014-02-18,0.08749999850988388
2014-02-19,6.481249809265137
2014-02-20,10.403124809265137
2014-02-21,0.13124999403953552
2014-02-22,2.753124952316284
2014-02-23,8.390625
2014-02-24,0.10625000298023224
2014-02-25,33.853126525878906
2014-02-26,19.412500381469727
2014-02-27,0.512499988079071
2014-02-28,0.375
2014-03-01,0.07500000298023224
2014-03-02,0.015625
2014-03-03,10.137499809265137
2014-03-04,20.450000762939453
2014-03-05,0.20000000298023224
2014-03-06,0.012500000186264515
2014-03-07,0.13437500596046448
2014-03-08,0.0
2014-03-09,0.0
2014-03-10,0.5687500238418579
2014-03-11,0.0
2014-03-12,0.0
2014-03-13,0.0
2014-03-14,7.846875190734863
2014-03-15,19.681249618530273
2014-03-16,30.337499618530273
2014-03-17,8.821874618530273
2014-03-18,0.012500000186264515
2014-03-19,17.553125381469727
2014-03-20,0.84375
2014-03-21,0.28437501192092896
2014-03-22,0.0
2014-03-23,0.0
2014-03-24,0.0
2014-03-25,0.0
2014-03-26,0.07500000298023224
2014-03-27,0.31562501192092896
2014-03-28,13.578125
2014-03-29,0.14374999701976776
2014-03-30,14.65625
2014-03-31,0.0
2014-04-01,0.0
2014-04-02,0.19062499701976776
2014-04-03,0.0
2014-04-04,0.02187499962747097
2014-04-05,0.11874999850988388
2014-04-06,1.787500023841858
2014-04-07,8.274999618530273
2014-04-08,51.428123474121094
2014-04-09,0.0
2014-04-10,5.090624809265137
2014-04-11,27.803125381469727
2014-04-12,8.199999809265137
2014-04-13,0.0
2014-04-14,0.0062500000931322575
2014-04-15,0.0
2014-04-16,0.0
2014-04-17,0.6875
2014-04-18,0.4437499940395355
2014-04-19,0.0
2014-04-20,0.0
2014-04-21,0.0
2014-04-22,0.0
2014-04-23,0.0
2014-04-24,0.0
2014-04-25,0.0
2014-04-26,0.0
2014-04-27,0.0
2014-04-28,23.600000381469727
2014-04-29,0.421875
2014-04-30,1.0625
2014-05-01,26.512500762939453
2014-05-02,0.0
2014-05-03,18.981250762939453
2014-05-04,19.0
2014-05-05,1.4562499523162842
2014-05-06,0.2718749940395355
2014-05-07,0.00937500037252903
2014-05-08,0.012500000186264515
2014-05-09,0.012500000186264515
2014-05-10,0.0
2014-05-11,0.0
2014-05-12,8.706250190734863
2014-05-13,1.475000023841858
2014-05-14,0.0
2014-05-15,5.209374904632568
2014-05-16,0.01875000074505806
2014-05-17,8.671875
2014-05-18,0.40625
2014-05-19,0.04374999925494194
2014-05-20,0.015625
2014-05-21,16.415624618530273
2014-05-22,0.2718749940395355
2014-05-23,0.0
2014-05-24,0.0
2014-05-25,0.0
2014-05-26,0.0
2014-05-27,0.0
2014-05-28,0.0
2014-05-29,0.0
2014-05-30,1.703125
2014-05-31,6.228125095367432
2014-06-01,0.05937499925494194
2014-06-02,0.0
2014-06-03,0.0
2014-06-04,8.940625190734863
2014-06-05,0.03750000149011612
2014-06-06,0.0
2014-06-07,0.871874988079071
2014-06-08,0.0031250000465661287
2014-06-09,0.0
2014-06-10,0.0
2014-06-11,10.118749618530273
2014-06-12,0.41874998807907104
2014-06-13,27.350000381469727
2014-06-14,0.0
2014-06-15,0.05000000074505806
2014-06-16,0.33125001192092896
2014-06-17,0.0
2014-06-18,0.0
2014-06-19,0.0
2014-06-20,0.0
2014-06-21,0.0
2014-06-22,0.859375
2014-06-23,0.887499988079071
2014-06-24,0.7906249761581421
2014-06-25,2.03125
2014-06-26,0.17499999701976776
2014-06-27,0.31562501192092896
2014-06-28,0.4156250059604645
2014-06-29,1.165624976158142
2014-06-30,0.5062500238418579
2014-07-01,0.08437500149011612
2014-07-02,0.0
2014-07-03,0.00937500037252903
2014-07-04,2.465625047683716
2014-07-05,61.290626525878906
2014-07-06,2.9937500953674316
2014-07-07,0.0
2014-07-08,0.0
2014-07-09,0.0
2014-07-10,0.0031250000465661287
2014-07-11,0.0
2014-07-12,2.1312499046325684
2014-07-13,9.806249618530273
2014-07-14,0.11249999701976776
2014-07-15,36.037498474121094
2014-07-16,4.640625
2014-07-17,28.081249237060547
2014-07-18,0.0
2014-07-19,0.0
2014-07-20,0.0
2014-07-21,0.0
2014-07-22,18.149999618530273
2014-07-23,13.784375190734863
2014-07-24,0.5718749761581421
2014-07-25,0.0
2014-07-26,0.0
2014-07-27,0.012500000186264515
2014-07-28,0.0
2014-07-29,0.9750000238418579
2014-07-30,14.71875
2014-07-31,0.4375
2014-08-01,3.253124952316284
2014-08-02,0.30000001192092896
2014-08-03,0.90625
2014-08-04,0.140625
2014-08-05,0.0
2014-08-06,0.0
2014-08-07,2.734375
2014-08-08,0.0
2014-08-09,0.46562498807907104
2014-08-10,1.7687499523162842
2014-08-11,0.2718749940395355
2014-08-12,0.0
2014-08-13,0.0
2014-08-14,0.0
2014-08-15,0.0
2014-08-16,0.0
2014-08-17,0.0062500000931322575
2014-08-18,0.012500000186264515
2014-08-19,0.0
2014-08-20,0.0
2014-08-21,0.0
2014-08-22,0.0
2014-08-23,0.9281250238418579
2014-08-24,0.2593750059604645
2014-08-25,0.05000000074505806
2014-08-26,0.0
2014-08-27,0.0
2014-08-28,0.0
2014-08-29,0.0
2014-08-30,5.228125095367432
2014-08-31,10.375
2014-09-01,0.0
2014-09-02,18.831249237060547
2014-09-03,0.02187499962747097
2014-09-04,3.4000000953674316
2014-09-05,9.728124618530273
2014-09-06,32.5
2014-09-07,0.0
2014-09-08,0.02812499925494194
2014-09-09,0.8187500238418579
2014-09-10,43.95000076293945
2014-09-11,0.0
2014-09-12,2.606250047683716
2014-09-13,8.296875
2014-09-14,16.193750381469727
2014-09-15,0.7749999761581421
2014-09-16,0.0
2014-09-17,0.04062499850988388
2014-09-18,0.012500000186264515
2014-09-19,1.212499976158142
2014-09-20,0.012500000186264515
2014-09-21,0.0
2014-09-22,0.07500000298023224
2014-09-23,0.30000001192092896
2014-09-24,4.106249809265137
2014-09-25,5.103125095367432
2014-09-26,7.025000095367432
2014-09-27,0.0
2014-09-28,12.225000381469727
2014-09-29,0.0062500000931322575
2014-09-30,6.625
2014-10-01,0.02187499962747097
2014-10-02,0.0
2014-10-03,8.3125
2014-10-04,1.478124976158142
2014-10-05,21.603124618530273
2014-10-06,20.553125381469727
2014-10-07,0.0
2014-10-08,0.0
2014-10-09,44.962501525878906
2014-10-10,52.384376525878906
2014-10-11,0.0
2014-10-12,7.328125
2014-10-13,0.0
2014-10-14,0.0
2014-10-15,3.1343750953674316
2014-10-16,15.125
2014-10-17,11.015625
2014-10-18,5.625
2014-10-19,1.399999976158142
2014-10-20,0.0
2014-10-21,0.0
2014-10-22,0.0
2014-10-23,0.0
2014-10-24,0.0
2014-10-25,0.0
2014-10-26,0.0
2014-10-27,0.0
2014-10-28,0.0
2014-10-29,34.803123474121094
2014-10-30,41.95624923706055
2014-10-31,6.109375
2014-11-01,4.034375190734863
2014-11-02,6.974999904632568
2014-11-03,22.871875762939453
2014-11-04,0.02187499962747097
2014-11-05,0.0
2014-11-06,0.140625
2014-11-07,0.0625
2014-11-08,0.0
2014-11-09,0.05937499925494194
2014-11-10,0.08749999850988388
2014-11-11,1.431249976158142
2014-11-12,9.293749809265137
2014-11-13,0.0
2014-11-14,0.0
2014-11-15,0.0
2014-11-16,0.00937500037252903
2014-11-17,0.0
2014-11-18,0.0
2014-11-19,0.4937500059604645
2014-11-20,0.06875000149011612
2014-11-21,14.768750190734863
2014-11-22,0.675000011920929
2014-11-23,0.0
2014-11-24,0.20624999701976776
2014-11-25,8.3125
2014-11-26,0.00937500037252903
2014-11-27,0.0062500000931322575
2014-11-28,0.0
2014-11-29,0.0
2014-11-30,33.39374923706055
2014-12-01,32.48749923706055
2014-12-02,22.71875
2014-12-03,0.012500000186264515
2014-12-04,0.0
2014-12-05,0.0
2014-12-06,0.0
2014-12-07,0.00937500037252903
2014-12-08,1.3406250476837158
2014-12-09,4.565625190734863
2014-12-10,10.300000190734863
2014-12-11,0.03750000149011612
2014-12-12,0.574999988079071
2014-12-13,0.02187499962747097
2014-12-14,0.0
2014-12-15,0.0
2014-12-16,31.368749618530273
2014-12-17,1.181249976158142
2014-12-18,0.0
2014-12-19,0.0
2014-12-20,24.674999237060547
2014-12-21,38.928123474121094
2014-12-22,0.0
2014-12-23,0.0
2014-12-24,0.0
2014-12-25,2.2437500953674316
2014-12-26,16.396875381469727
2014-12-27,14.475000381469727
2014-12-28,3.518749952316284
2014-12-29,0.53125
2014-12-30,0.12812499701976776
2014-12-31,0.11562500149011612
2015-01-01,14.887499809265137
2015-01-02,0.0
2015-01-03,0.0
2015-01-04,0.0
2015-01-05,0.0
2015-01-06,7.071875095367432
2015-01-07,24.662500381469727
2015-01-08,0.44062501192092896
2015-01-09,7.574999809265137
2015-01-10,0.731249988079071
2015-01-11,19.581249237060547
2015-01-12,0.03750000149011612
2015-01-13,12.418749809265137
2015-01-14,12.412500381469727
2015-01-15,0.2874999940395355
2015-01-16,0.6499999761581421
2015-01-17,0.518750011920929
2015-01-18,1.853124976158142
2015-01-19,8.0
2015-01-20,0.9375
2015-01-21,0.01875000074505806
2015-01-22,0.0
2015-01-23,0.0062500000931322575
2015-01-24,0.6312500238418579
2015-01-25,0.606249988079071
2015-01-26,0.046875
2015-01-27,0.34375
2015-01-28,9.896875381469727
2015-01-29,2.565624952316284
2015-01-30,0.0
2015-01-31,0.0031250000465661287
2015-02-01,0.06875000149011612
2015-02-02,0.03750000149011612
2015-02-03,0.0031250000465661287
2015-02-04,2.168750047683716
2015-02-05,0.0
2015-02-06,0.0
2015-02-07,0.01875000074505806
2015-02-08,0.0
2015-02-09,0.0
2015-02-10,2.0687499046325684
2015-02-11,0.721875011920929
2015-02-12,0.01875000074505806
2015-02-13,0.0
2015-02-14,0.0
2015-02-15,0.22499999403953552
2015-02-16,0.0
2015-02-17,0.0
2015-02-18,1.34375
2015-02-19,12.131250381469727
2015-02-20,0.03437500074505806
2015-02-21,0.02812499925494194
2015-02-22,2.453125
2015-02-23,1.7781250476837158
2015-02-24,0.25
2015-02-25,10.543749809265137
2015-02-26,8.796875
2015-02-27,1.3624999523162842
2015-02-28,0.0
2015-03-01,0.15937499701976776
2015-03-02,9.309374809265137
2015-03-03,10.428125381469727
2015-03-04,12.884374618530273
2015-03-05,0.0625
2015-03-06,0.0
2015-03-07,0.0
2015-03-08,0.0
2015-03-09,0.04374999925494194
2015-03-10,0.2750000059604645
2015-03-11,0.0
2015-03-12,0.0
2015-03-13,0.0
2015-03-14,0.0
2015-03-15,0.19374999403953552
2015-03-16,0.0
2015-03-17,0.0
2015-03-18,0.0
2015-03-19,0.0
2015-03-20,1.368749976158142
2015-03-21,0.0
2015-03-22,0.0
2015-03-23,0.0
2015-03-24,0.3499999940395355
2015-03-25,0.47187501192092896
2015-03-26,1.125
2015-03-27,0.0031250000465661287
2015-03-28,0.11249999701976776
2015-03-29,0.887499988079071
2015-03-30,1.2156250476837158
2015-03-31,0.0
2015-04-01,0.0
2015-04-02,0.0
2015-04-03,0.0
2015-04-04,0.03125
2015-04-05,0.84375
2015-04-06,0.0
2015-04-07,0.0
2015-04-08,0.0
2015-04-09,0.0
2015-04-10,0.0
2015-04-11,0.01875000074505806
2015-04-12,0.0
2015-04-13,0.0
2015-04-14,0.0
2015-04-15,0.0
2015-04-16,0.203125
2015-04-17,15.146875381469727
2015-04-18,0.0
2015-04-19,0.0
2015-04-20,0.04062499850988388
2015-04-21,0.0
2015-04-22,0.0
2015-04-23,0.0
2015-04-24,0.0
2015-04-25,0.0
2015-04-26,0.0
2015-04-27,0.0
2015-04-28,0.0
2015-04-29,1.271875023841858
2015-04-30,2.075000047683716
2015-05-01,0.296875
2015-05-02,55.30937576293945
2015-05-03,1.134374976158142
2015-05-04,0.0
2015-05-05,0.0
2015-05-06,0.0
2015-05-07,0.0
2015-05-08,0.0
2015-05-09,1.2781250476837158
2015-05-10,12.140625
2015-05-11,0.16249999403953552
2015-05-12,0.0
2015-05-13,0.0
2015-05-14,0.10625000298023224
2015-05-15,0.02187499962747097
2015-05-16,0.23749999701976776
2015-05-17,0.03437500074505806
2015-05-18,0.11874999850988388
2015-05-19,0.0
2015-05-20,0.0
2015-05-21,0.0
2015-05-22,0.04374999925494194
2015-05-23,15.487500190734863
2015-05-24,0.09062500298023224
2015-05-25,0.0
2015-05-26,0.00937500037252903
2015-05-27,0.8125
2015-05-28,0.01875000074505806
2015-05-29,0.0
2015-05-30,0.03750000149011612
2015-05-31,0.0
2015-06-01,0.0
2015-06-02,0.0
2015-06-03,0.856249988079071
2015-06-04,0.04374999925494194
2015-06-05,9.021875381469727
2015-06-06,0.0625
2015-06-07,0.596875011920929
2015-06-08,16.8125
2015-06-09,12.584375381469727
2015-06-10,7.625
2015-06-11,0.0
2015-06-12,0.0
2015-06-13,0.706250011920929
2015-06-14,0.0031250000465661287
2015-06-15,0.0
2015-06-16,0.0
2015-06-17,0.05937499925494194
2015-06-18,0.0
2015-06-19,0.0
2015-06-20,0.0
2015-06-21,0.02187499962747097
2015-06-22,5.693749904632568
2015-06-23,0.0
2015-06-24,0.3125
2015-06-25,0.0
2015-06-26,0.0
2015-06-27,0.0031250000465661287
2015-06-28,0.0
2015-06-29,29.987499237060547
2015-06-30,1.728124976158142
2015-07-01,0.0
2015-07-02,0.38749998807907104
2015-07-03,3.8531250953674316
2015-07-04,0.0062500000931322575
2015-07-05,0.0
2015-07-06,0.25312501192092896
2015-07-07,0.6031249761581421
2015-07-08,0.0031250000465661287
2015-07-09,0.01875000074505806
2015-07-10,0.48750001192092896
2015-07-11,0.171875
2015-07-12,0.4281249940395355
2015-07-13,26.893749237060547
2015-07-14,0.809374988079071
2015-07-15,0.0
2015-07-16,0.0062500000931322575
2015-07-17,0.6656249761581421
2015-07-18,0.0
2015-07-19,18.350000381469727
2015-07-20,0.37812501192092896
2015-07-21,0.0
2015-07-22,0.0
2015-07-23,0.10625000298023224
2015-07-24,0.078125
2015-07-25,0.0
2015-07-26,0.0
2015-07-27,0.0
2015-07-28,0.0031250000465661287
2015-07-29,0.0031250000465661287
2015-07-30,0.47187501192092896
2015-07-31,1.521875023841858
2015-08-01,0.2718749940395355
2015-08-02,0.703125
2015-08-03,6.190625190734863
2015-08-04,19.790624618530273
2015-08-05,12.546875
2015-08-06,4.209374904632568
2015-08-07,6.128125190734863
2015-08-08,0.046875
2015-08-09,0.02812499925494194
2015-08-10,1.515625
2015-08-11,13.21875
2015-08-12,23.731250762939453
2015-08-13,52.80937576293945
2015-08-14,10.774999618530273
2015-08-15,8.199999809265137
2015-08-16,0.3375000059604645
2015-08-17,50.46562576293945
2015-08-18,30.884374618530273
2015-08-19,0.12812499701976776
2015-08-20,0.24687500298023224
2015-08-21,0.0
2015-08-22,1.046875
2015-08-23,0.21875
2015-08-24,0.0
2015-08-25,0.0
2015-08-26,7.784375190734863
2015-08-27,0.078125
2015-08-28,0.0
2015-08-29,0.0031250000465661287
2015-08-30,0.0
2015-08-31,0.22187499701976776
2015-09-01,1.6593749523162842
2015-09-02,0.0
2015-09-03,0.11562500149011612
2015-09-04,0.05000000074505806
2015-09-05,0.0
2015-09-06,0.0
2015-09-07,0.05937499925494194
2015-09-08,0.0062500000931322575
2015-09-09,0.0
2015-09-10,8.462499618530273
2015-09-11,0.0
2015-09-12,0.0
2015-09-13,0.0
2015-09-14,0.0
2015-09-15,0.03437500074505806
2015-09-16,35.884376525878906
2015-09-17,6.846875190734863
2015-09-18,0.0
2015-09-19,0.05937499925494194
2015-09-20,0.5093749761581421
2015-09-21,19.25
2015-09-22,7.175000190734863
2015-09-23,38.046875
2015-09-24,13.050000190734863
2015-09-25,0.9750000238418579
2015-09-26,0.2874999940395355
2015-09-27,0.0
2015-09-28,0.21250000596046448
2015-09-29,3.481250047683716
2015-09-30,0.0
2015-10-01,0.03750000149011612
2015-10-02,17.415624618530273
2015-10-03,0.06875000149011612
2015-10-04,0.0
2015-10-05,0.09062500298023224
2015-10-06,0.3218750059604645
2015-10-07,53.400001525878906
2015-10-08,18.431249618530273
2015-10-09,0.37812501192092896
2015-10-10,6.162499904632568
2015-10-11,4.243750095367432
2015-10-12,1.181249976158142
2015-10-13,0.0
2015-10-14,17.693750381469727
2015-10-15,29.956249237060547
2015-10-16,0.0
2015-10-17,0.0
2015-10-18,0.015625
2015-10-19,28.037500381469727
2015-10-20,34.134376525878906
2015-10-21,0.02812499925494194
2015-10-22,0.0062500000931322575
2015-10-23,0.09687499701976776
2015-10-24,1.265625
2015-10-25,8.584375381469727
2015-10-26,1.21875
2015-10-27,0.8125
2015-10-28,0.23125000298023224
2015-10-29,0.0
2015-10-30,42.67499923706055
2015-10-31,0.0031250000465661287
2015-11-01,0.00937500037252903
2015-11-02,0.0062500000931322575
2015-11-03,0.4781250059604645
2015-11-04,2.9156250953674316
2015-11-05,3.2562499046325684
2015-11-06,0.0
2015-11-07,0.0
2015-11-08,0.09375
2015-11-09,0.00937500037252903
2015-11-10,18.46875
2015-11-11,0.0031250000465661287
2015-11-12,12.331250190734863
2015-11-13,23.578125
2015-11-14,0.0
2015-11-15,0.0
2015-11-16,3.8968749046325684
2015-11-17,2.0562500953674316
2015-11-18,0.08437500149011612
2015-11-19,12.818750381469727
2015-11-20,1.990625023841858
2015-11-21,0.0
2015-11-22,0.0
2015-11-23,0.0
2015-11-24,0.0
2015-11-25,0.012500000186264515
2015-11-26,6.303124904632568
2015-11-27,15.868749618530273
2015-11-28,0.25
2015-11-29,0.0
2015-11-30,0.0
2015-12-01,0.27812498807907104
2015-12-02,0.18437500298023224
2015-12-03,0.559374988079071
2015-12-04,4.875
2015-12-05,0.0
2015-12-06,0.0
2015-12-07,0.0
2015-12-08,0.0
2015-12-09,0.7281249761581421
2015-12-10,0.0
2015-12-11,0.0
2015-12-12,4.796875
2015-12-13,13.809374809265137
2015-12-14,8.649999618530273
2015-12-15,8.903124809265137
2015-12-16,0.0
2015-12-17,32.962501525878906
2015-12-18,75.5
2015-12-19,0.0
2015-12-20,0.0
2015-12-21,9.665624618530273
2015-12-22,69.5531234741211
2015-12-23,24.928125381469727
2015-12-24,1.321874976158142
2015-12-25,0.0
2015-12-26,0.015625
2015-12-27,0.06562499701976776
2015-12-28,0.015625
2015-12-29,5.334374904632568
2015-12-30,14.568750381469727
2015-12-31,0.140625
2016-01-01,0.0625
2016-01-02,0.09687499701976776
2016-01-03,0.390625
2016-01-04,0.9750000238418579
2016-01-05,19.056249618530273
2016-01-06,0.53125
2016-01-07,0.0
2016-01-08,0.0
2016-01-09,0.0
2016-01-10,0.2562499940395355
2016-01-11,0.3656249940395355
2016-01-12,0.03437500074505806
2016-01-13,0.140625
2016-01-14,0.0
2016-01-15,0.0
2016-01-16,0.0
2016-01-17,0.0
2016-01-18,0.02187499962747097
2016-01-19,0.0
2016-01-20,0.0
2016-01-21,0.0
2016-01-22,0.0
2016-01-23,0.6812499761581421
2016-01-24,0.0
2016-01-25,0.6312500238418579
2016-01-26,2.856250047683716
2016-01-27,0.0
2016-01-28,0.0
2016-01-29,3.3687500953674316
2016-01-30,0.503125011920929
2016-01-31,0.48124998807907104
2016-02-01,0.0
2016-02-02,0.0
2016-02-03,0.16562500596046448
2016-02-04,0.0
2016-02-05,0.0
2016-02-06,0.0
2016-02-07,0.0
2016-02-08,12.665624618530273
2016-02-09,1.703125
2016-02-10,0.0
2016-02-11,0.0
2016-02-12,0.0
2016-02-13,15.046875
2016-02-14,0.04374999925494194
2016-02-15,0.12812499701976776
2016-02-16,1.446874976158142
2016-02-17,9.846875190734863
2016-02-18,0.046875
2016-02-19,10.412500381469727
2016-02-20,0.01875000074505806
2016-02-21,0.0
2016-02-22,0.01875000074505806
2016-02-23,0.203125
2016-02-24,0.31562501192092896
2016-02-25,0.0
2016-02-26,10.059374809265137
2016-02-27,0.125
2016-02-28,0.0
2016-02-29,0.0
2016-03-01,0.17499999701976776
2016-03-02,5.128125190734863
2016-03-03,0.19687500596046448
2016-03-04,0.01875000074505806
2016-03-05,1.431249976158142
2016-03-06,0.0031250000465661287
2016-03-07,0.0031250000465661287
2016-03-08,0.0
2016-03-09,1.7531249523162842
2016-03-10,0.3656249940395355
2016-03-11,6.550000190734863
2016-03-12,0.0
2016-03-13,0.0
2016-03-14,0.0
2016-03-15,0.0
2016-03-16,0.0
2016-03-17,0.0
2016-03-18,20.350000381469727
2016-03-19,3.4906249046325684
2016-03-20,30.746875762939453
2016-03-21,2.7093749046325684
2016-03-22,0.10000000149011612
2016-03-23,0.01875000074505806
2016-03-24,0.0
2016-03-25,3.043750047683716
2016-03-26,31.578125
2016-03-27,2.46875
2016-03-28,0.3343749940395355
2016-03-29,0.0
2016-03-30,0.0
2016-03-31,0.0
2016-04-01,0.0
2016-04-02,14.240625381469727
2016-04-03,0.909375011920929
2016-04-04,30.125
2016-04-05,36.21875
2016-04-06,21.340625762939453
2016-04-07,0.1875
2016-04-08,26.09375
2016-04-09,12.574999809265137
2016-04-10,19.571874618530273
2016-04-11,9.1875
2016-04-12,0.21250000596046448
2016-04-13,28.234375
2016-04-14,0.39375001192092896
2016-04-15,0.02500000037252903
2016-04-16,3.3187499046325684
2016-04-17,1.5906250476837158
2016-04-18,38.334373474121094
2016-04-19,65.76249694824219
2016-04-20,4.675000190734863
2016-04-21,33.946876525878906
2016-04-22,0.0
2016-04-23,0.6312500238418579
2016-04-24,50.56562423706055
2016-04-25,9.171875
2016-04-26,4.043749809265137
2016-04-27,0.0
2016-04-28,0.0
2016-04-29,0.0
2016-04-30,0.0
2016-05-01,0.0
2016-05-02,0.4749999940395355
2016-05-03,1.390625
2016-05-04,0.0
2016-05-05,0.02812499925494194
2016-05-06,0.0031250000465661287
2016-05-07,0.04062499850988388
2016-05-08,1.0125000476837158
2016-05-09,0.26249998807907104
2016-05-10,0.12812499701976776
2016-05-11,0.00937500037252903
2016-05-12,0.0
2016-05-13,0.00937500037252903
2016-05-14,0.0062500000931322575
2016-05-15,36.306251525878906
2016-05-16,0.15625
2016-05-17,0.012500000186264515
2016-05-18,0.0
2016-05-19,0.0
2016-05-20,0.0
2016-05-21,0.03437500074505806
2016-05-22,0.2593750059604645
2016-05-23,0.0
2016-05-24,0.0
2016-05-25,0.203125
2016-05-26,0.13124999403953552
2016-05-27,0.20624999701976776
2016-05-28,24.353124618530273
2016-05-29,22.537500381469727
2016-05-30,3.734375
2016-05-31,0.04062499850988388
2016-06-01,0.13437500596046448
2016-06-02,0.0031250000465661287
2016-06-03,0.0
2016-06-04,0.96875
2016-06-05,0.015625
2016-06-06,0.0
2016-06-07,0.0
2016-06-08,0.0
2016-06-09,0.0
2016-06-10,0.234375
2016-06-11,0.0
2016-06-12,0.0
2016-06-13,0.0
2016-06-14,0.3375000059604645
2016-06-15,0.01875000074505806
2016-06-16,0.0
2016-06-17,0.0
2016-06-18,0.0
2016-06-19,0.0
2016-06-20,0.0
2016-06-21,0.0
2016-06-22,0.0
2016-06-23,0.0
2016-06-24,0.0
2016-06-25,22.665624618530273
2016-06-26,65.71875
2016-06-27,54.22187423706055
2016-06-28,4.15625
2016-06-29,3.0625
2016-06-30,0.0
2016-07-01,0.03125
2016-07-02,0.0
2016-07-03,0.046875
2016-07-04,2.2125000953674316
2016-07-05,48.34687423706055
2016-07-06,3.2249999046325684
2016-07-07,0.0
2016-07-08,0.00937500037252903
2016-07-09,12.971875190734863
2016-07-10,0.0
2016-07-11,7.793749809265137
2016-07-12,0.12187500298023224
2016-07-13,0.0
2016-07-14,0.15000000596046448
2016-07-15,0.4281249940395355
2016-07-16,0.2593750059604645
2016-07-17,0.0
2016-07-18,0.0
2016-07-19,0.0
2016-07-20,0.0062500000931322575
2016-07-21,0.0
2016-07-22,0.0
2016-07-23,0.0
2016-07-24,0.0
2016-07-25,7.340624809265137
2016-07-26,16.125
2016-07-27,0.02187499962747097
2016-07-28,0.0
2016-07-29,0.0
2016-07-30,0.0
2016-07-31,0.0031250000465661287
2016-08-01,0.921875
2016-08-02,0.0
2016-08-03,0.0
2016-08-04,0.528124988079071
2016-08-05,0.0
2016-08-06,6.709374904632568
2016-08-07,0.0
2016-08-08,0.0
2016-08-09,0.03437500074505806
2016-08-10,0.0
2016-08-11,0.0
2016-08-12,0.0031250000465661287
2016-08-13,0.0
2016-08-14,0.0
2016-08-15,0.03125
2016-08-16,0.668749988079071
2016-08-17,19.256250381469727
2016-08-18,0.0
2016-08-19,0.203125
2016-08-20,0.965624988079071
2016-08-21,0.0
2016-08-22,0.0
2016-08-23,0.0
2016-08-24,0.0
2016-08-25,0.0
2016-08-26,0.0
2016-08-27,11.834375381469727
2016-08-28,41.20000076293945
2016-08-29,3.9156250953674316
2016-08-30,7.987500190734863
2016-08-31,0.05937499925494194
2016-09-01,0.20624999701976776
2016-09-02,8.306249618530273
2016-09-03,1.0343749523162842
2016-09-04,4.449999809265137
2016-09-05,9.056249618530273
2016-09-06,4.800000190734863
2016-09-07,0.0
2016-09-08,0.09375
2016-09-09,0.0
2016-09-10,0.0
2016-09-11,0.0
2016-09-12,19.221874237060547
2016-09-13,13.665624618530273
2016-09-14,0.012500000186264515
2016-09-15,0.0
2016-09-16,0.0031250000465661287
2016-09-17,0.0
2016-09-18,0.05000000074505806
2016-09-19,0.0
2016-09-20,0.0
2016-09-21,0.21875
2016-09-22,0.0
2016-09-23,0.0
2016-09-24,0.18437500298023224
2016-09-25,0.02812499925494194
2016-09-26,0.0
2016-09-27,0.0
2016-09-28,0.0
2016-09-29,0.0
2016-09-30,0.01875000074505806
2016-10-01,0.0
2016-10-02,0.05624999850988388
2016-10-03,0.0062500000931322575
2016-10-04,0.02187499962747097
2016-10-05,2.15625
2016-10-06,0.40312498807907104
2016-10-07,0.640625
2016-10-08,0.07187499850988388
2016-10-09,0.0
2016-10-10,0.75
2016-10-11,0.706250011920929
2016-10-12,2.190624952316284
2016-10-13,0.046875
2016-10-14,0.00937500037252903
2016-10-15,11.559374809265137
2016-10-16,31.665624618530273
2016-10-17,10.737500190734863
2016-10-18,19.424999237060547
2016-10-19,14.303125381469727
2016-10-20,0.4124999940395355
2016-10-21,0.11874999850988388
2016-10-22,0.0
2016-10-23,0.0
2016-10-24,2.0093750953674316
2016-10-25,4.440625190734863
2016-10-26,7.234375
2016-10-27,2.0687499046325684
2016-10-28,0.0
2016-10-29,0.0
2016-10-30,0.0
2016-10-31,0.45625001192092896
2016-11-01,72.5062484741211
2016-11-02,1.743749976158142
2016-11-03,0.0
2016-11-04,0.0
2016-11-05,0.0
2016-11-06,0.0
2016-11-07,0.721875011920929
2016-11-08,0.46562498807907104
2016-11-09,0.109375
2016-11-10,0.543749988079071
2016-11-11,1.1906249523162842
2016-11-12,0.0
2016-11-13,0.0
2016-11-14,0.15625
2016-11-15,3.393749952316284
2016-11-16,0.24687500298023224
2016-11-17,2.575000047683716
2016-11-18,0.0
2016-11-19,0.02812499925494194
2016-11-20,0.16562500596046448
2016-11-21,0.0
2016-11-22,0.0
2016-11-23,0.0
2016-11-24,0.14374999701976776
2016-11-25,0.4906249940395355
2016-11-26,6.728125095367432
2016-11-27,22.975000381469727
2016-11-28,0.0
2016-11-29,0.078125
2016-11-30,0.0
2016-12-01,0.0
2016-12-02,4.896874904632568
2016-12-03,20.071874618530273
2016-12-04,0.0
2016-12-05,0.0
2016-12-06,0.02187499962747097
2016-12-07,0.0
2016-12-08,0.00937500037252903
2016-12-09,0.0
2016-12-10,0.0
2016-12-11,0.02187499962747097
2016-12-12,0.0
2016-12-13,2.4593749046325684
2016-12-14,0.0
2016-12-15,0.0
2016-12-16,0.0
2016-12-17,0.0
2016-12-18,9.390625
2016-12-19,3.921875
2016-12-20,0.0
2016-12-21,0.0
2016-12-22,0.3343749940395355
2016-12-23,5.71875
2016-12-24,0.05937499925494194
2016-12-25,5.556250095367432
2016-12-26,22.321874618530273
2016-12-27,11.556249618530273
2016-12-28,0.0
2016-12-29,1.318750023841858
2016-12-30,0.721875011920929
2016-12-31,0.671875
2017-01-01,0.4375
2017-01-02,1.587499976158142
2017-01-03,29.075000762939453
2017-01-04,25.321874618530273
2017-01-05,0.16562500596046448
2017-01-06,0.0
2017-01-07,0.140625
2017-01-08,3.924999952316284
2017-01-09,7.346875190734863
2017-01-10,23.678125381469727
2017-01-11,0.0
2017-01-12,0.0
2017-01-13,0.02187499962747097
2017-01-14,11.975000381469727
2017-01-15,10.859375
2017-01-16,29.53125
2017-01-17,0.9593750238418579
2017-01-18,0.734375
2017-01-19,0.0
2017-01-20,0.0
2017-01-21,0.0
2017-01-22,0.0
2017-01-23,0.0
2017-01-24,2.015625
2017-01-25,2.7406249046325684
2017-01-26,0.02187499962747097
2017-01-27,0.00937500037252903
2017-01-28,0.0
2017-01-29,0.0
2017-01-30,1.368749976158142
2017-01-31,3.5625
2017-02-01,11.103124618530273
2017-02-02,3.1156249046325684
2017-02-03,0.11562500149011612
2017-02-04,14.759374618530273
2017-02-05,11.943750381469727
2017-02-06,0.0
2017-02-07,0.0
2017-02-08,0.768750011920929
2017-02-09,0.01875000074505806
2017-02-10,19.237499237060547
2017-02-11,3.90625
2017-02-12,15.681249618530273
2017-02-13,10.815625190734863
2017-02-14,0.3062500059604645
2017-02-15,0.59375
2017-02-16,19.809375762939453
2017-02-17,5.6875
2017-02-18,12.596875190734863
2017-02-19,0.3031249940395355
2017-02-20,1.115625023841858
2017-02-21,5.065625190734863
2017-02-22,6.059374809265137
2017-02-23,0.550000011920929
2017-02-24,0.3531250059604645
2017-02-25,0.01875000074505806
2017-02-26,0.0
2017-02-27,0.0
2017-02-28,0.6625000238418579
2017-03-01,0.04374999925494194
2017-03-02,0.0
2017-03-03,5.628125190734863
2017-03-04,4.215624809265137
2017-03-05,0.00937500037252903
2017-03-06,0.0
2017-03-07,0.0
2017-03-08,0.012500000186264515
2017-03-09,46.13750076293945
2017-03-10,0.971875011920929
2017-03-11,0.78125
2017-03-12,12.159375190734863
2017-03-13,0.0
2017-03-14,0.0
2017-03-15,7.168749809265137
2017-03-16,8.978124618530273
2017-03-17,0.0
2017-03-18,0.0
2017-03-19,0.0
2017-03-20,0.0
2017-03-21,0.15000000596046448
2017-03-22,2.625
2017-03-23,8.390625
2017-03-24,0.3656249940395355
2017-03-25,0.0
2017-03-26,0.0
2017-03-27,0.0
2017-03-28,0.0
2017-03-29,0.05000000074505806
2017-03-30,0.0
2017-03-31,0.0
2017-04-01,0.0
2017-04-02,0.0
2017-04-03,0.046875
2017-04-04,0.22812500596046448
2017-04-05,5.428124904632568
2017-04-06,0.0
2017-04-07,0.0
2017-04-08,4.053124904632568
2017-04-09,27.521875381469727
2017-04-10,51.803123474121094
2017-04-11,0.0
2017-04-12,0.0
2017-04-13,0.0
2017-04-14,0.0
2017-04-15,0.6343749761581421
2017-04-16,0.34375
2017-04-17,0.0
2017-04-18,0.03125
2017-04-19,31.987499237060547
2017-04-20,5.578125
2017-04-21,0.0
2017-04-22,0.0
2017-04-23,0.0
2017-04-24,0.02812499925494194
2017-04-25,1.181249976158142
2017-04-26,4.684374809265137
2017-04-27,0.0
2017-04-28,0.0
2017-04-29,0.0
2017-04-30,0.0
2017-05-01,0.0
2017-05-02,0.01875000074505806
2017-05-03,0.06875000149011612
2017-05-04,0.0
2017-05-05,0.0
2017-05-06,0.0
2017-05-07,0.0
2017-05-08,19.793750762939453
2017-05-09,0.02500000037252903
2017-05-10,0.0
2017-05-11,0.02187499962747097
2017-05-12,49.0625
2017-05-13,25.737499237060547
2017-05-14,0.4937500059604645
2017-05-15,0.09375
2017-05-16,0.0
2017-05-17,0.0
2017-05-18,9.1875
2017-05-19,9.893750190734863
2017-05-20,0.25
2017-05-21,0.34375
2017-05-22,0.015625
2017-05-23,1.243749976158142
2017-05-24,1.993749976158142
2017-05-25,69.34687805175781
2017-05-26,1.6218750476837158
2017-05-27,0.13124999403953552
2017-05-28,3.4281249046325684
2017-05-29,0.04062499850988388
2017-05-30,0.0625
2017-05-31,0.15937499701976776
2017-06-01,0.0
2017-06-02,0.0
2017-06-03,0.05937499925494194
2017-06-04,0.04062499850988388
2017-06-05,0.0
2017-06-06,0.0
2017-06-07,1.609375
2017-06-08,4.606249809265137
2017-06-09,1.75
2017-06-10,0.0
2017-06-11,0.0
2017-06-12,0.0
2017-06-13,0.0
2017-06-14,0.0
2017-06-15,0.0062500000931322575
2017-06-16,0.0
2017-06-17,0.13124999403953552
2017-06-18,5.765625
2017-06-19,0.0
2017-06-20,0.0
2017-06-21,0.0
2017-06-22,0.0
2017-06-23,0.0
2017-06-24,0.0
2017-06-25,0.0
2017-06-26,0.0
2017-06-27,0.03750000149011612
2017-06-28,5.534375190734863
2017-06-29,27.965625762939453
2017-06-30,0.0
2017-07-01,0.02187499962747097
2017-07-02,0.0
2017-07-03,0.0
2017-07-04,0.0
2017-07-05,0.0
2017-07-06,0.02500000037252903
2017-07-07,0.47187501192092896
2017-07-08,1.165624976158142
2017-07-09,1.5187499523162842
2017-07-10,4.143750190734863
2017-07-11,12.896875381469727
2017-07-12,4.240624904632568
2017-07-13,0.0
2017-07-14,0.0
2017-07-15,0.8374999761581421
2017-07-16,17.075000762939453
2017-07-17,0.0
2017-07-18,0.0
2017-07-19,0.0
2017-07-20,0.0
2017-07-21,0.0
2017-07-22,0.0
2017-07-23,0.0
2017-07-24,0.18125000596046448
2017-07-25,2.659374952316284
2017-07-26,6.5625
2017-07-27,0.0
2017-07-28,0.0
2017-07-29,0.0
2017-07-30,0.0
2017-07-31,0.43437498807907104
2017-08-01,1.4500000476837158
2017-08-02,48.853126525878906
2017-08-03,0.09687499701976776
2017-08-04,0.0
2017-08-05,0.0
2017-08-06,0.0
2017-08-07,5.006249904632568
2017-08-08,30.184375762939453
2017-08-09,0.0
2017-08-10,12.0
2017-08-11,97.38749694824219
2017-08-12,60.053123474121094
2017-08-13,3.328125
2017-08-14,0.015625
2017-08-15,0.0
2017-08-16,0.0
2017-08-17,0.0
2017-08-18,0.0
2017-08-19,4.556250095367432
2017-08-20,0.4593749940395355
2017-08-21,0.0
2017-08-22,0.0
2017-08-23,0.109375
2017-08-24,0.528124988079071
2017-08-25,0.22187499701976776
2017-08-26,21.878124237060547
2017-08-27,0.012500000186264515
2017-08-28,1.5750000476837158
2017-08-29,2.140625
2017-08-30,1.453125
2017-08-31,0.0
2017-09-01,0.015625
2017-09-02,0.0
2017-09-03,0.0
2017-09-04,25.746875762939453
2017-09-05,0.675000011920929
2017-09-06,0.0
2017-09-07,5.396874904632568
2017-09-08,11.009374618530273
2017-09-09,12.834375381469727
2017-09-10,34.290626525878906
2017-09-11,12.293749809265137
2017-09-12,2.503124952316284
2017-09-13,25.678125381469727
2017-09-14,26.446874618530273
2017-09-15,0.0
2017-09-16,0.0062500000931322575
2017-09-17,0.0
2017-09-18,0.0
2017-09-19,0.0
2017-09-20,0.0
2017-09-21,0.00937500037252903
2017-09-22,3.3125
2017-09-23,0.0031250000465661287
2017-09-24,0.0
2017-09-25,2.046875
2017-09-26,0.84375
2017-09-27,38.303123474121094
2017-09-28,0.0
2017-09-29,1.046875
2017-09-30,0.31562501192092896
2017-10-01,26.318750381469727
2017-10-02,0.3656249940395355
2017-10-03,0.04374999925494194
2017-10-04,0.05312500149011612
2017-10-05,0.20624999701976776
2017-10-06,0.34375
2017-10-07,0.0
2017-10-08,1.1437499523162842
2017-10-09,3.878124952316284
2017-10-10,0.75
2017-10-11,7.284375190734863
2017-10-12,33.053123474121094
2017-10-13,0.4625000059604645
2017-10-14,0.012500000186264515
2017-10-15,0.0
2017-10-16,0.2906250059604645
2017-10-17,20.668750762939453
2017-10-18,31.637500762939453
2017-10-19,36.79375076293945
2017-10-20,0.0
2017-10-21,9.206250190734863
2017-10-22,0.03125
2017-10-23,0.0
2017-10-24,0.06875000149011612
2017-10-25,0.34687501192092896
2017-10-26,0.39375001192092896
2017-10-27,4.803124904632568
2017-10-28,0.30937498807907104
2017-10-29,0.40312498807907104
2017-10-30,0.375
2017-10-31,0.0
2017-11-01,0.0
2017-11-02,12.831250190734863
2017-11-03,7.359375
2017-11-04,3.528125047683716
2017-11-05,0.0
2017-11-06,0.0
2017-11-07,0.203125
2017-11-08,2.328125
2017-11-09,0.06875000149011612
2017-11-10,0.19062499701976776
2017-11-11,0.0
2017-11-12,0.0
2017-11-13,0.0
2017-11-14,0.0
2017-11-15,0.0
2017-11-16,16.212499618530273
2017-11-17,0.0
2017-11-18,0.0
2017-11-19,0.0
2017-11-20,0.0
2017-11-21,6.821875095367432
2017-11-22,0.0
2017-11-23,0.0
2017-11-24,0.12812499701976776
2017-11-25,3.996875047683716
2017-11-26,0.0
2017-11-27,0.0
2017-11-28,0.0
2017-11-29,0.0
2017-11-30,0.12812499701976776
2017-12-01,0.0
2017-12-02,1.149999976158142
2017-12-03,5.534375190734863
2017-12-04,0.09062500298023224
2017-12-05,0.06562499701976776
2017-12-06,0.0
2017-12-07,0.00937500037252903
2017-12-08,0.0
2017-12-09,0.9593750238418579
2017-12-10,0.15000000596046448
2017-12-11,0.0
2017-12-12,0.0
2017-12-13,0.015625
2017-12-14,0.31562501192092896
2017-12-15,0.0
2017-12-16,0.0
2017-12-17,8.809374809265137
2017-12-18,0.0
2017-12-19,0.0062500000931322575
2017-12-20,0.20937499403953552
2017-12-21,0.15312500298023224
2017-12-22,0.046875
2017-12-23,4.559374809265137
2017-12-24,0.0
2017-12-25,0.0
2017-12-26,0.0
2017-12-27,0.0
2017-12-28,1.5343749523162842
2017-12-29,0.05000000074505806
2017-12-30,0.0
2017-12-31,1.7156250476837158
2018-01-01,7.568749904632568
2018-01-02,0.684374988079071
2018-01-03,0.0
2018-01-04,0.0
2018-01-05,0.0
2018-01-06,6.084374904632568
2018-01-07,0.0
2018-01-08,0.0
2018-01-09,0.0031250000465661287
2018-01-10,0.0
2018-01-11,0.05624999850988388
2018-01-12,0.731249988079071
2018-01-13,3.578125
2018-01-14,5.609375
2018-01-15,0.5874999761581421
2018-01-16,0.0
2018-01-17,0.46562498807907104
2018-01-18,1.584375023841858
2018-01-19,0.0
2018-01-20,0.012500000186264515
2018-01-21,1.556249976158142
2018-01-22,1.181249976158142
2018-01-23,1.209375023841858
2018-01-24,1.228124976158142
2018-01-25,0.0
2018-01-26,0.0
2018-01-27,7.243750095367432
2018-01-28,0.3187499940395355
2018-01-29,0.0
2018-01-30,0.0
2018-01-31,0.0
2018-02-01,0.0
2018-02-02,0.0
2018-02-03,0.0
2018-02-04,0.0
2018-02-05,0.0
2018-02-06,0.0
2018-02-07,0.0
2018-02-08,0.359375
2018-02-09,7.215624809265137
2018-02-10,1.9249999523162842
2018-02-11,16.559375762939453
2018-02-12,0.14687499403953552
2018-02-13,0.0
2018-02-14,0.0
2018-02-15,0.0
2018-02-16,0.0
2018-02-17,0.0
2018-02-18,0.4375
2018-02-19,6.640625
2018-02-20,6.628125190734863
2018-02-21,0.16249999403953552
2018-02-22,0.0
2018-02-23,0.0
2018-02-24,0.0
2018-02-25,0.0
2018-02-26,0.0
2018-02-27,8.346875190734863
2018-02-28,0.02812499925494194
2018-03-01,0.09375
2018-03-02,0.9937499761581421
2018-03-03,0.606249988079071
2018-03-04,0.07500000298023224
2018-03-05,0.08749999850988388
2018-03-06,0.0
2018-03-07,0.0
2018-03-08,0.0
2018-03-09,0.05937499925494194
2018-03-10,0.0
2018-03-11,6.903124809265137
2018-03-12,0.0
2018-03-13,0.9750000238418579
2018-03-14,0.20937499403953552
2018-03-15,37.84687423706055
2018-03-16,0.0
2018-03-17,1.609375
2018-03-18,4.46875
2018-03-19,0.11249999701976776
2018-03-20,0.0
2018-03-21,0.0
2018-03-22,0.0
2018-03-23,0.0
2018-03-24,39.34687423706055
2018-03-25,1.96875
2018-03-26,0.0
2018-03-27,0.24687500298023224
2018-03-28,0.28437501192092896
2018-03-29,0.0
2018-03-30,0.0062500000931322575
2018-03-31,0.0031250000465661287
2018-04-01,0.721875011920929
2018-04-02,0.38749998807907104
2018-04-03,1.9187500476837158
2018-04-04,0.0
2018-04-05,0.0
2018-04-06,0.0
2018-04-07,0.0062500000931322575
2018-04-08,0.11562500149011612
2018-04-09,0.08749999850988388
2018-04-10,0.0
2018-04-11,0.0
2018-04-12,1.193750023841858
2018-04-13,0.11562500149011612
2018-04-14,0.05937499925494194
2018-04-15,0.0
2018-04-16,0.0
2018-04-17,0.09375
2018-04-18,0.0
2018-04-19,0.15000000596046448
2018-04-20,6.740624904632568
2018-04-21,4.650000095367432
2018-04-22,1.665624976158142
2018-04-23,25.34375
2018-04-24,0.2906250059604645
2018-04-25,0.02812499925494194
2018-04-26,0.0
2018-04-27,0.11562500149011612
2018-04-28,0.0
2018-04-29,5.681250095367432
2018-04-30,9.946874618530273
2018-05-01,4.134375095367432
2018-05-02,34.99687576293945
2018-05-03,21.181249618530273
2018-05-04,8.925000190734863
2018-05-05,2.5062499046325684
2018-05-06,0.16875000298023224
2018-05-07,0.0
2018-05-08,9.893750190734863
2018-05-09,9.640625
2018-05-10,23.659374237060547
2018-05-11,1.609375
2018-05-12,0.0
2018-05-13,0.0
2018-05-14,0.0062500000931322575
2018-05-15,0.13124999403953552
2018-05-16,0.0062500000931322575
2018-05-17,1.2312500476837158
2018-05-18,3.8968749046325684
2018-05-19,0.12187500298023224
2018-05-20,0.0
2018-05-21,0.0
2018-05-22,0.0
2018-05-23,0.0
2018-05-24,0.0
2018-05-25,0.0
2018-05-26,0.0
2018-05-27,0.0
2018-05-28,0.0
2018-05-29,0.0
2018-05-30,28.331249237060547
2018-05-31,45.19062423706055
2018-06-01,2.28125
2018-06-02,0.01875000074505806
2018-06-03,0.02812499925494194
2018-06-04,0.5874999761581421
2018-06-05,1.181249976158142
2018-06-06,0.0
2018-06-07,0.0
2018-06-08,0.0
2018-06-09,0.04374999925494194
2018-06-10,1.6218750476837158
2018-06-11,18.946874618530273
2018-06-12,0.18125000596046448
2018-06-13,0.11249999701976776
2018-06-14,0.015625
2018-06-15,0.0
2018-06-16,0.0
2018-06-17,0.0
2018-06-18,0.0
2018-06-19,0.0
2018-06-20,0.0
2018-06-21,2.25
2018-06-22,0.0
2018-06-23,4.324999809265137
2018-06-24,0.0
2018-06-25,0.453125
2018-06-26,0.0
2018-06-27,0.0
2018-06-28,1.0656249523162842
2018-06-29,13.353124618530273
2018-06-30,0.25312501192092896
2018-07-01,3.371875047683716
2018-07-02,19.659374237060547
2018-07-03,0.16249999403953552
2018-07-04,2.4124999046325684
2018-07-05,1.0593750476837158
2018-07-06,4.234375
2018-07-07,17.328125
2018-07-08,0.16562500596046448
2018-07-09,0.13437500596046448
2018-07-10,0.0
2018-07-11,0.0
2018-07-12,0.02500000037252903
2018-07-13,0.0
2018-07-14,0.0
2018-07-15,1.1843750476837158
2018-07-16,0.625
2018-07-17,5.221875190734863
2018-07-18,11.831250190734863
2018-07-19,0.375
2018-07-20,51.709373474121094
2018-07-21,0.0
2018-07-22,2.5093750953674316
2018-07-23,6.978125095367432
2018-07-24,0.0
2018-07-25,8.540624618530273
2018-07-26,2.15625
2018-07-27,0.4468750059604645
2018-07-28,0.6781250238418579
2018-07-29,0.3531250059604645
2018-07-30,0.046875
2018-07-31,0.0
2018-08-01,0.0
2018-08-02,0.0
2018-08-03,0.03125
2018-08-04,0.18125000596046448
2018-08-05,0.05000000074505806
2018-08-06,0.0
2018-08-07,0.0
2018-08-08,3.0531249046325684
2018-08-09,1.321874976158142
2018-08-10,0.05312500149011612
2018-08-11,0.109375
2018-08-12,0.02812499925494194
2018-08-13,0.0
2018-08-14,0.4000000059604645
2018-08-15,0.0
2018-08-16,0.0
2018-08-17,0.0
2018-08-18,0.0
2018-08-19,18.268749237060547
2018-08-20,0.0
2018-08-21,0.02187499962747097
2018-08-22,0.37812501192092896
2018-08-23,0.0
2018-08-24,15.715624809265137
2018-08-25,0.45625001192092896
2018-08-26,0.0
2018-08-27,0.0
2018-08-28,0.0
2018-08-29,12.918749809265137
2018-08-30,45.943748474121094
2018-08-31,18.065624237060547
2018-09-01,4.106249809265137
2018-09-02,5.587500095367432
2018-09-03,0.18437500298023224
2018-09-04,0.0
2018-09-05,0.0
2018-09-06,0.0
2018-09-07,0.0
2018-09-08,0.0
2018-09-09,0.0
2018-09-10,0.19062499701976776
2018-09-11,0.0
2018-09-12,0.0
2018-09-13,1.7062499523162842
2018-09-14,4.034375190734863
2018-09-15,3.596874952316284
2018-09-16,1.321874976158142
2018-09-17,2.5843749046325684
2018-09-18,0.125
2018-09-19,1.0906250476837158
2018-09-20,0.12812499701976776
2018-09-21,0.125
2018-09-22,0.15625
2018-09-23,63.709373474121094
2018-09-24,19.181249618530273
2018-09-25,1.8875000476837158
2018-09-26,0.559374988079071
2018-09-27,0.10625000298023224
2018-09-28,0.48124998807907104
2018-09-29,27.865625381469727
2018-09-30,26.424999237060547
2018-10-01,37.54375076293945
2018-10-02,0.0
2018-10-03,0.0
2018-10-04,0.0031250000465661287
2018-10-05,0.0
2018-10-06,0.012500000186264515
2018-10-07,0.0
2018-10-08,0.1875
2018-10-09,5.262499809265137
2018-10-10,0.01875000074505806
2018-10-11,0.03125
2018-10-12,13.356249809265137
2018-10-13,0.06875000149011612
2018-10-14,0.0
2018-10-15,0.0
2018-10-16,0.0
2018-10-17,0.09687499701976776
2018-10-18,0.09687499701976776
2018-10-19,0.0
2018-10-20,0.0
2018-10-21,0.14687499403953552
2018-10-22,0.565625011920929
2018-10-23,2.5531249046325684
2018-10-24,0.0
2018-10-25,0.02812499925494194
2018-10-26,1.84375
2018-10-27,0.43437498807907104
2018-10-28,0.07500000298023224
2018-10-29,0.0
2018-10-30,0.06875000149011612
2018-10-31,2.0374999046325684
2018-11-01,0.0062500000931322575
2018-11-02,0.0
2018-11-03,6.340624809265137
2018-11-04,0.0
2018-11-05,0.0031250000465661287
2018-11-06,0.171875
2018-11-07,0.05624999850988388
2018-11-08,0.0
2018-11-09,0.10625000298023224
2018-11-10,0.0
2018-11-11,0.03125
2018-11-12,1.9343750476837158
2018-11-13,44.131248474121094
2018-11-14,0.9281250238418579
2018-11-15,0.0
2018-11-16,0.0
2018-11-17,23.787500381469727
2018-11-18,0.19062499701976776
2018-11-19,0.0
2018-11-20,0.0
2018-11-21,0.0
2018-11-22,0.0
2018-11-23,9.984375
2018-11-24,0.08749999850988388
2018-11-25,0.0
2018-11-26,0.10312499850988388
2018-11-27,5.290625095367432
2018-11-28,6.224999904632568
2018-11-29,0.28125
2018-11-30,0.546875
2018-12-01,0.565625011920929
2018-12-02,0.0
2018-12-03,0.0
2018-12-04,1.2999999523162842
2018-12-05,0.0031250000465661287
2018-12-06,0.0
2018-12-07,0.0
2018-12-08,0.0
2018-12-09,0.0031250000465661287
2018-12-10,0.0
2018-12-11,25.206249237060547
2018-12-12,9.940625190734863
2018-12-13,0.6031249761581421
2018-12-14,29.9375
2018-12-15,0.15312500298023224
2018-12-16,0.046875
2018-12-17,30.165624618530273
2018-12-18,7.912499904632568
2018-12-19,7.146874904632568
2018-12-20,0.5531250238418579
2018-12-21,9.278124809265137
2018-12-22,0.0
2018-12-23,0.0062500000931322575
2018-12-24,0.0
2018-12-25,0.02187499962747097
2018-12-26,0.29374998807907104
2018-12-27,1.3624999523162842
2018-12-28,1.0625
2018-12-29,0.08437500149011612
2018-12-30,0.793749988079071
2018-12-31,0.0
2019-01-01,3.8687500953674316
2019-01-02,12.175000190734863
2019-01-03,16.0
2019-01-04,0.02500000037252903
2019-01-05,0.0
2019-01-06,1.9343750476837158
2019-01-07,32.56562423706055
2019-01-08,0.08437500149011612
2019-01-09,20.940624237060547
2019-01-10,21.121875762939453
2019-01-11,0.09375
2019-01-12,3.309375047683716
2019-01-13,16.59375
2019-01-14,3.1468749046325684
2019-01-15,30.875
2019-01-16,0.3218750059604645
2019-01-17,26.450000762939453
2019-01-18,43.828125
2019-01-19,0.34687501192092896
2019-01-20,0.15625
2019-01-21,0.02500000037252903
2019-01-22,0.0
2019-01-23,21.78125
2019-01-24,0.0
2019-01-25,0.02187499962747097
2019-01-26,4.662499904632568
2019-01-27,0.359375
2019-01-28,0.27812498807907104
2019-01-29,0.5249999761581421
2019-01-30,6.518750190734863
2019-01-31,20.653125762939453
2019-02-01,17.625
2019-02-02,2.3499999046325684
2019-02-03,0.0062500000931322575
2019-02-04,0.0
2019-02-05,0.0
2019-02-06,0.0
2019-02-07,0.05312500149011612
2019-02-08,0.0
2019-02-09,0.0
2019-02-10,1.4406249523162842
2019-02-11,7.165625095367432
2019-02-12,0.0
2019-02-13,0.0
2019-02-14,0.965624988079071
2019-02-15,0.3125
2019-02-16,0.01875000074505806
2019-02-17,0.0
2019-02-18,0.12187500298023224
2019-02-19,0.34687501192092896
2019-02-20,0.0
2019-02-21,0.0
2019-02-22,0.0
2019-02-23,0.08437500149011612
2019-02-24,25.171875
2019-02-25,0.3812499940395355
2019-02-26,0.0
2019-02-27,0.0
2019-02-28,0.0
2019-03-01,0.0
2019-03-02,0.01875000074505806
2019-03-03,0.0
2019-03-04,0.5375000238418579
2019-03-05,0.11562500149011612
2019-03-06,1.2625000476837158
2019-03-07,1.0968749523162842
2019-03-08,8.196874618530273
2019-03-09,0.0031250000465661287
2019-03-10,0.0625
2019-03-11,0.109375
2019-03-12,19.359375
2019-03-13,0.09375
2019-03-14,0.0
2019-03-15,0.13124999403953552
2019-03-16,0.03437500074505806
2019-03-17,17.121875762939453
2019-03-18,5.384375095367432
2019-03-19,0.0
2019-03-20,0.125
2019-03-21,0.0
2019-03-22,0.02500000037252903
2019-03-23,0.0
2019-03-24,0.0
2019-03-25,0.0
2019-03-26,0.171875
2019-03-27,0.01875000074505806
2019-03-28,0.0
2019-03-29,0.203125
2019-03-30,9.056249618530273
2019-03-31,1.4375
2019-04-01,0.5406249761581421
2019-04-02,0.02500000037252903
2019-04-03,0.24375000596046448
2019-04-04,10.331250190734863
2019-04-05,0.02812499925494194
2019-04-06,0.0
2019-04-07,0.02500000037252903
2019-04-08,0.0
2019-04-09,0.0
2019-04-10,0.0
2019-04-11,0.09375
2019-04-12,0.046875
2019-04-13,0.0
2019-04-14,0.0
2019-04-15,16.196874618530273
2019-04-16,3.9375
2019-04-17,0.0
2019-04-18,0.0
2019-04-19,0.0
2019-04-20,0.21250000596046448
2019-04-21,0.0
2019-04-22,0.0
2019-04-23,0.31562501192092896
2019-04-24,0.2593750059604645
2019-04-25,29.265625
2019-04-26,38.459373474121094
2019-04-27,4.224999904632568
2019-04-28,0.02500000037252903
2019-04-29,0.0
2019-04-30,0.3125
2019-05-01,0.0
2019-05-02,0.0
2019-05-03,0.890625
2019-05-04,1.318750023841858
2019-05-05,1.03125
2019-05-06,0.9781249761581421
2019-05-07,0.0
2019-05-08,0.8343750238418579
2019-05-09,18.896875381469727
2019-05-10,29.975000381469727
2019-05-11,0.0
2019-05-12,0.0
2019-05-13,13.778124809265137
2019-05-14,0.0
2019-05-15,0.0
2019-05-16,0.0
2019-05-17,0.0
2019-05-18,0.02500000037252903
2019-05-19,5.675000190734863
2019-05-20,26.459375381469727
2019-05-21,3.78125
2019-05-22,3.375
2019-05-23,3.0625
2019-05-24,0.0
2019-05-25,0.0062500000931322575
2019-05-26,0.04374999925494194
2019-05-27,0.39375001192092896
2019-05-28,0.5874999761581421
2019-05-29,0.015625
2019-05-30,1.850000023841858
2019-05-31,0.578125
2019-06-01,0.2562499940395355
2019-06-02,0.0
2019-06-03,0.0
2019-06-04,0.0
2019-06-05,0.0
2019-06-06,0.0
2019-06-07,0.01875000074505806
2019-06-08,0.0
2019-06-09,0.0
2019-06-10,4.125
2019-06-11,15.668749809265137
2019-06-12,5.431250095367432
2019-06-13,9.393750190734863
2019-06-14,8.0625
2019-06-15,3.0562500953674316
2019-06-16,0.824999988079071
2019-06-17,1.734375
2019-06-18,1.9656250476837158
2019-06-19,0.0
2019-06-20,0.0
2019-06-21,0.0
2019-06-22,0.0
2019-06-23,0.0
2019-06-24,0.0
2019-06-25,3.7093749046325684
2019-06-26,0.0
2019-06-27,0.0
2019-06-28,20.828125
2019-06-29,5.246874809265137
2019-06-30,0.26249998807907104
2019-07-01,0.0
2019-07-02,0.0
2019-07-03,0.0
2019-07-04,0.0
2019-07-05,0.0
2019-07-06,0.0
2019-07-07,0.0
2019-07-08,0.0
2019-07-09,0.0
2019-07-10,0.90625
2019-07-11,0.046875
2019-07-12,5.653124809265137
2019-07-13,0.0031250000465661287
2019-07-14,0.0
2019-07-15,0.0
2019-07-16,0.0
2019-07-17,0.0
2019-07-18,0.07500000298023224
2019-07-19,0.06875000149011612
2019-07-20,0.14687499403953552
2019-07-21,0.109375
2019-07-22,37.103126525878906
2019-07-23,14.512499809265137
2019-07-24,19.049999237060547
2019-07-25,31.350000381469727
2019-07-26,3.8187499046325684
2019-07-27,0.21562500298023224
2019-07-28,0.0031250000465661287
2019-07-29,2.796875
2019-07-30,0.0
2019-07-31,0.0
2019-08-01,33.62812423706055
2019-08-02,0.0
2019-08-03,0.0
2019-08-04,0.0
2019-08-05,0.0
2019-08-06,0.0
2019-08-07,0.03437500074505806
2019-08-08,22.09375
2019-08-09,16.796875
2019-08-10,1.584375023841858
2019-08-11,0.0
2019-08-12,0.0062500000931322575
2019-08-13,0.0
2019-08-14,0.0
2019-08-15,0.0
2019-08-16,0.02187499962747097
2019-08-17,0.0
2019-08-18,0.0
2019-08-19,0.0
2019-08-20,0.0
2019-08-21,0.0
2019-08-22,0.0062500000931322575
2019-08-23,0.0
2019-08-24,0.19687500596046448
2019-08-25,5.796875
2019-08-26,23.346874237060547
2019-08-27,0.0
2019-08-28,0.0
2019-08-29,0.0
2019-08-30,65.15312194824219
2019-08-31,5.578125
2019-09-01,0.0
2019-09-02,0.0031250000465661287
2019-09-03,0.0
2019-09-04,0.0
2019-09-05,0.0
2019-09-06,3.3218750953674316
2019-09-07,13.506250381469727
2019-09-08,28.653125762939453
2019-09-09,37.67499923706055
2019-09-10,7.340624809265137
2019-09-11,2.8687500953674316
2019-09-12,0.22812500596046448
2019-09-13,0.0
2019-09-14,0.03750000149011612
2019-09-15,0.34687501192092896
2019-09-16,16.534374237060547
2019-09-17,0.0
2019-09-18,0.19374999403953552
2019-09-19,0.0
2019-09-20,0.0
2019-09-21,0.0
2019-09-22,0.0
2019-09-23,0.0
2019-09-24,0.0
2019-09-25,0.0
2019-09-26,0.0
2019-09-27,0.03437500074505806
2019-09-28,0.0
2019-09-29,0.0
2019-09-30,0.0
2019-10-01,24.606250762939453
2019-10-02,86.34375
2019-10-03,4.574999809265137
2019-10-04,3.109375
2019-10-05,0.453125
2019-10-06,0.012500000186264515
2019-10-07,0.0
2019-10-08,0.3499999940395355
2019-10-09,1.6906249523162842
2019-10-10,0.0031250000465661287
2019-10-11,0.16562500596046448
2019-10-12,0.0625
2019-10-13,18.637500762939453
2019-10-14,26.543750762939453
2019-10-15,0.12187500298023224
2019-10-16,5.806250095367432
2019-10-17,40.693748474121094
2019-10-18,0.012500000186264515
2019-10-19,0.0
2019-10-20,8.715624809265137
2019-10-21,1.25
2019-10-22,0.05937499925494194
2019-10-23,0.22812500596046448
2019-10-24,0.0
2019-10-25,0.0
2019-10-26,0.0
2019-10-27,29.043750762939453
2019-10-28,3.3031249046325684
2019-10-29,43.9375
2019-10-30,69.4000015258789
2019-10-31,0.41874998807907104
2019-11-01,0.0
2019-11-02,27.728124618530273
2019-11-03,0.71875
2019-11-04,13.959375381469727
2019-11-05,0.00937500037252903
2019-11-06,0.02187499962747097
2019-11-07,0.2593750059604645
2019-11-08,0.0
2019-11-09,0.0062500000931322575
2019-11-10,0.25
2019-11-11,0.04062499850988388
2019-11-12,0.0
2019-11-13,7.912499904632568
2019-11-14,0.44062501192092896
2019-11-15,0.0
2019-11-16,0.0
2019-11-17,0.0
2019-11-18,0.08749999850988388
2019-11-19,0.08749999850988388
2019-11-20,0.0
2019-11-21,0.265625
2019-11-22,22.628124237060547
2019-11-23,0.02187499962747097
2019-11-24,0.0
2019-11-25,2.612499952316284
2019-11-26,24.037500381469727
2019-11-27,0.10625000298023224
2019-11-28,0.0
2019-11-29,0.0
2019-11-30,0.7281249761581421
2019-12-01,0.0
2019-12-02,0.0
2019-12-03,0.140625
2019-12-04,0.3968749940395355
2019-12-05,0.0
2019-12-06,0.0
2019-12-07,0.0
2019-12-08,0.2906250059604645
2019-12-09,0.33125001192092896
2019-12-10,0.0
2019-12-11,0.0
2019-12-12,0.05937499925494194
2019-12-13,0.0
2019-12-14,17.012500762939453
2019-12-15,38.70624923706055
2019-12-16,0.0
2019-12-17,0.0
2019-12-18,0.0
2019-12-19,0.0
2019-12-20,1.0
2019-12-21,4.006249904632568
2019-12-22,0.0
2019-12-23,0.0
2019-12-24,0.0
2019-12-25,0.0
2019-12-26,10.134374618530273
2019-12-27,0.0031250000465661287
2019-12-28,2.359375
2019-12-29,0.3062500059604645
2019-12-30,4.321875095367432
2019-12-31,12.078125
